targetGene,nCellsPool,nCellsScreen,nCellsPoolPerc,nCellsScreenPerc,pvalue,FDR
Mdm2,1880,30,0.0011237835640676183,0.00010080983904029033,1.2403158821534823e-61,1.401556946833435e-58
Copa,1896,72,0.0011333476795064917,0.0002419436136966968,5.6826563090764965e-46,3.2107008146282205e-43
Gnb4,1356,26,0.0008105587834445161,8.736852716825162e-05,3.317202287632155e-43,1.249479528341445e-40
Traip,1852,97,0.00110704636204959,0.0003259518128969387,4.2374497632030905e-36,1.197079558104873e-33
Cdc20,1232,34,0.0007364368887932477,0.00011425115091232905,2.6863650013162566e-35,6.07118490297474e-33
Npm1,1544,68,0.000922937139851278,0.0002285023018246581,1.3946412530004575e-34,2.626574359817528e-32
Map3k7,1656,86,0.0009898859479233915,0.0002889882052488323,1.0243020053824068e-32,1.653516094403028e-30
Gm3701,1380,61,0.0008249049566028261,0.00020498000604859035,4.827605360668264e-31,6.818992571943923e-29
Cdc27,1468,71,0.0008775075915166296,0.00023858328572868713,6.909084966484454e-31,8.674740013474926e-29
Gm19640,1524,78,0.0009109819955526863,0.0002621055815047549,1.2690926496935493e-30,1.4340746941537107e-28
Prc1,1452,72,0.0008679434760777562,0.0002419436136966968,5.301683873080376e-30,5.446275251437114e-28
Wdr43,1864,121,0.0011142194486287449,0.000406599684129171,1.7791274261151942e-29,1.6753449929251412e-27
8030462N17Rik,1384,68,0.0008272959854625445,0.0002285023018246581,6.877212330883543e-29,5.977884564537234e-27
Keap1,1636,100,0.0009779308036247999,0.00033603279680096776,7.582699391871803e-28,6.120321652010812e-26
Ybx1,1456,81,0.0008703345049374746,0.0002721865654087839,2.4029508825043978e-27,1.810222998153313e-25
Tle6,1572,96,0.0009396743418693063,0.00032259148492892905,7.390138114495458e-27,5.219285043362417e-25
Grb2,1628,104,0.000973148745905363,0.0003494741086730065,1.8756573171406022e-26,1.1774959824271559e-24
Rnf20,1448,83,0.0008655524472180379,0.0002789072213448033,1.7891244464207963e-26,1.1774959824271559e-24
Wdr49,1800,129,0.0010759629868732515,0.00043348230787324844,2.67365832892944e-25,1.5901231114159303e-23
Chaf1b,1608,110,0.0009611936016067714,0.00036963607648106455,3.5828480450532615e-24,2.0243091454550928e-22
Plk1,1488,96,0.0008894627358152213,0.00032259148492892905,4.4216848086069795e-24,2.37928753986947e-22
Rnf103,1336,82,0.0007986036391459245,0.0002755468933767936,5.398035896936433e-23,2.772627528880986e-21
Ube2i,1344,88,0.0008033856968653612,0.0002957088611848516,1.4078685238756186e-21,6.916919269475865e-20
Coro1b,1440,100,0.0008607703894986013,0.00033603279680096776,1.8925883741685156e-21,8.910936928376761e-20
Lrr1,1964,166,0.0011739951701217033,0.0005578144426896066,2.142292481953173e-21,9.683162018428341e-20
Trim59,1696,133,0.0010137962365205748,0.00044692361974528716,4.109676858349095e-21,1.7861287884363374e-19
Sart1,1352,91,0.0008081677545847978,0.00030578984508888065,5.060974032934905e-21,2.1181113545246086e-19
Herc1,1912,163,0.0011429117949453649,0.0005477334587855775,1.43271090879337e-20,5.782011881916101e-19
Myc,1452,109,0.0008679434760777562,0.00036627574851305487,1.5856927755711356e-19,6.17873391860477e-18
Stap2,1424,107,0.0008512062740597279,0.0003595550925770355,3.683273458654864e-19,1.3873663360933322e-17
Pwp2,1408,106,0.0008416421586208546,0.00035619476460902583,6.467909141563576e-19,2.2839804156146378e-17
Rnf170,1496,117,0.000894244793534658,0.0003931583722571323,6.436254012087337e-19,2.2839804156146378e-17
Dpf3,1752,154,0.0010472706405566315,0.0005174905070734904,5.345144686845896e-18,1.8303071200411706e-16
Lonrf2,1736,152,0.001037706525117758,0.000510769851137471,5.606278879830136e-18,1.8632632747670746e-16
Klhl10,1452,116,0.0008679434760777562,0.0003897980442891226,7.755072903483314e-18,2.50378068026747e-16
Fbxl2,2060,196,0.0012313798627549436,0.0006586242817298968,8.456389900609258e-18,2.654366829913462e-16
Smu1,1460,119,0.000872725533797193,0.00039987902819315165,2.243207202313289e-17,6.850876050308154e-16
Stc1,1804,165,0.00107835401573297,0.0005544541147215968,3.885169956059331e-17,1.1553268553544853e-15
Ppp2r2b,2152,213,0.0012863735265284653,0.0007157498571860614,5.953707230728591e-17,1.7250485053136688e-15
Tank,1656,148,0.0009898859479233915,0.0004973285392654323,1.347620946878791e-16,3.807029174932585e-15
Cnot4,1900,181,0.00113573870836621,0.0006082193622097517,1.6267246782099856e-16,4.483411917993375e-15
Zbtb6,1200,93,0.000717308657915501,0.0003125105010249,9.660011798976843e-16,2.5990031744866267e-14
Skp1a,1348,112,0.0008057767257250796,0.0003763567324170839,1.0733428692648849e-15,2.8206452145798136e-14
Asb9,1896,186,0.0011333476795064917,0.0006250210020498,1.8508020206199867e-15,4.753196098410421e-14
Wdr31,1720,163,0.001028142409678885,0.0005477334587855775,2.743716780503172e-15,6.889777693263521e-14
Hic1,1092,82,0.000652750878703106,0.0002755468933767936,3.925764220945752e-15,9.643725151453695e-14
Pdcd6ip,1708,163,0.0010209693230997297,0.0005477334587855775,5.675013376908417e-15,1.364418109767343e-13
Apc,2028,207,0.0012122516318771967,0.0006955878893780033,6.026842494912515e-15,1.4188191706773213e-13
Gnb5,1800,176,0.0010759629868732515,0.0005914177223697032,7.077773939657755e-15,1.6322213371047476e-13
Foxp3,1516,138,0.0009061999378332496,0.00046372525958533555,7.96701431318581e-15,1.800545234779993e-13
Dtl,1144,90,0.0006838342538794443,0.000302429517120871,9.066429817399378e-15,2.008836410521823e-13
Znrf1,1348,117,0.0008057767257250796,0.0003931583722571323,1.3791783153589926e-14,2.997060569914734e-13
Btbd18,1368,120,0.0008177318700236712,0.00040323935616116133,1.6690695313085414e-14,3.5585822082616073e-13
Asb8,1856,188,0.0011094373909093082,0.0006317416579858194,4.357702869793415e-14,9.118896746049183e-13
Rhobtb2,1660,163,0.0009922769767831097,0.0005477334587855775,9.933775519492789e-14,2.040939334004882e-12
Rnf7,1752,176,0.0010472706405566315,0.0005914177223697032,1.161453184848212e-13,2.343646605140142e-12
Brwd1,1560,150,0.0009325012552901514,0.0005040491952014517,1.299048329498351e-13,2.5753063374265556e-12
Anapc2,1768,179,0.001056834755995505,0.0006014987062737323,1.6121742299431794e-13,3.1409601376479184e-12
Zbtb2,1860,192,0.0011118284197690266,0.0006451829698578581,1.7671824192753845e-13,3.3846036165782787e-12
Wdr5,1264,112,0.0007555651196709944,0.0003763567324170839,2.68656991090877e-13,5.05970666554485e-12
Zbtb5,2000,213,0.0011955144298591684,0.0007157498571860614,3.0121909141974925e-13,5.579960218103552e-12
Gnb2,1208,105,0.0007220907156349377,0.00035283443664101615,3.1780209176444545e-13,5.792199414416506e-12
Anapc4,1644,164,0.0009827128613442363,0.0005510937867535872,3.8746913547660764e-13,6.949843223628042e-12
Klhl8,1568,154,0.000937283313009588,0.0005174905070734904,4.634944415204458e-13,8.183573733095373e-12
Wdr82,2080,226,0.0012433350070535352,0.0007594341207701872,5.627044576547712e-13,9.782400571536791e-12
Ube2e3,1844,193,0.0011022643043301532,0.0006485432978258678,6.382309001160571e-13,1.092728662319916e-11
Stat3,1664,168,0.0009946680056428282,0.0005645350986256259,6.516444520618517e-13,1.0990421355670035e-11
Gzf1,1488,144,0.0008894627358152213,0.0004838872273933936,6.872024765945816e-13,1.1419688213998195e-11
Rnf26,1708,175,0.0010209693230997297,0.0005880573944016936,9.438960905692846e-13,1.545800843975785e-11
Cdc16,1628,164,0.000973148745905363,0.0005510937867535872,9.756535294907888e-13,1.5528006877811145e-11
Ing1,1060,88,0.0006336226478253592,0.0002957088611848516,9.68425925849196e-13,1.5528006877811145e-11
Rfpl4,1144,99,0.0006838342538794443,0.0003326724688329581,1.0326518862891206e-12,1.6206897659815366e-11
Tbl3,1784,186,0.0010663988714343783,0.0006250210020498,1.1087918535312757e-12,1.716349033548413e-11
Aamp,1064,89,0.0006360136766850776,0.0002990691891528613,1.2478819827953348e-12,1.905549514268552e-11
Wdr1,2040,223,0.0012194247184563517,0.0007493531368661582,1.5165153309855621e-12,2.2848830986849135e-11
Aurka,1136,99,0.0006790521961600077,0.0003326724688329581,1.7419546509614516e-12,2.590011520508474e-11
Btbd3,1372,131,0.0008201228988833895,0.0004402029638092678,2.3046589615079243e-12,3.3821618526025377e-11
Ccnd1,1268,118,0.0007579561485307127,0.000396518700225142,3.6277065556666203e-12,5.255523599876001e-11
Exoc5,1436,143,0.000858379360638883,0.00048052689942538394,9.598664484373436e-12,1.3622371703097162e-10
Kmt2a,1808,195,0.0010807450445926882,0.0006552639537618872,9.644156957944894e-12,1.3622371703097162e-10
Trim24,1568,162,0.000937283313009588,0.0005443731308175678,1.2949212149833e-11,1.8064950283100356e-10
Skp2,1112,100,0.0006647060230016976,0.00033603279680096776,1.3381716268969094e-11,1.844065778528668e-10
Bop1,1748,188,0.0010448796116969133,0.0006317416579858194,1.6977926715467445e-11,2.311452673310628e-10
Cirh1a,1428,144,0.0008535973029194462,0.0004838872273933936,2.3214724838964873e-11,3.12293322238456e-10
Trim3,1536,160,0.0009181550821318413,0.0005376524748815485,3.469617591001702e-11,4.612550444508145e-10
Tbk1,2024,230,0.0012098606030174785,0.0007728754326422259,4.067588462105772e-11,5.2831896117006e-10
Cadps2,1640,175,0.000980321832484518,0.0005880573944016936,4.02635275609205e-11,5.2831896117006e-10
Brca1,1524,159,0.0009109819955526863,0.0005342921469135387,4.54137396162988e-11,5.831537018911096e-10
Anapc13,1924,216,0.00115008488152452,0.0007258308410900904,4.7584005415572784e-11,6.041564732539016e-10
Apbb1,1288,127,0.0007699112928293045,0.0004267616519372291,6.019245133991334e-11,7.557496668233565e-10
Rffl,2084,240,0.0012457260359132534,0.0008064787123223227,6.267375526699623e-11,7.782565214473157e-10
Ube3b,1428,147,0.0008535973029194462,0.0004939682112974226,7.954677570532089e-11,9.770419189892674e-10
Trim60,1816,202,0.001085527102312125,0.0006787862495379549,8.194620804343388e-11,9.956904848288202e-10
Trim38,1892,213,0.0011309566506467732,0.0007157498571860614,8.361273993069251e-11,1.0051318736349206e-09
Rnf208,1780,197,0.0010640078425746598,0.0006619846096979065,8.692857033396561e-11,1.0253552205799157e-09
Dtx3l,1376,140,0.0008225139277431079,0.0004704459155213549,8.710982404926717e-11,1.0253552205799157e-09
Gm12361,1472,154,0.0008798986203763479,0.0005174905070734904,1.11932349340945e-10,1.3039541727347201e-09
Ube2d2a,1436,149,0.000858379360638883,0.000500688867233442,1.1352958807702868e-10,1.3090656584392082e-09
Socs7,1648,179,0.0009851038902039548,0.0006014987062737323,1.184826793573775e-10,1.3523780573114805e-09
March7,1568,168,0.000937283313009588,0.0005645350986256259,1.3501091792848365e-10,1.5256233725918653e-09
Gm4858,1832,206,0.0010950912177509983,0.0006922275614099936,1.4900531992607456e-10,1.6670892229352894e-09
Nup37,1624,177,0.0009707577170456447,0.000594778050337713,2.0012896578428117e-10,2.21711501310037e-09
Anapc10,1468,155,0.0008775075915166296,0.0005208508350415,2.0642367539027294e-10,2.2646480892330915e-09
Neurl4,1580,171,0.000944456399588743,0.0005746160825296549,2.2026957424207968e-10,2.393313643207212e-09
Dnaic1,1932,222,0.0011548669392439568,0.0007459928088981485,2.494718242011122e-10,2.684792012831017e-09
Ccnb2,1740,195,0.0010400975539774765,0.0006552639537618872,3.2916511117203024e-10,3.5090242983433414e-09
Nedd8,1480,158,0.0008846806780957846,0.0005309318189455291,3.420558286945956e-10,3.612365293690589e-09
Ube2n,1848,211,0.0011046553331898717,0.000709029201250042,3.7530322723430136e-10,3.926783766432968e-09
Wdr74,1964,228,0.0011739951701217033,0.0007661547767062065,3.879931672213006e-10,4.022314485872198e-09
Nedd1,1568,171,0.000937283313009588,0.0005746160825296549,4.1523631255194055e-10,4.2656093925790256e-09
Znrf3,1440,153,0.0008607703894986013,0.0005141301791054807,4.3811277108033746e-10,4.460066948835868e-09
Wdr24,2056,242,0.001228988833895225,0.000813199368258342,4.577544695609035e-10,4.618415630391258e-09
Mynn,1960,228,0.001171604141261985,0.0007661547767062065,4.699688951623926e-10,4.699688951623926e-09
Wdr33,1876,216,0.0011213925352079,0.0007258308410900904,5.128677095462497e-10,5.039482711193584e-09
Rnf8,1316,136,0.0007866484948473328,0.0004570046036493162,5.102671406289531e-10,5.039482711193584e-09
Pex12,1488,161,0.0008894627358152213,0.0005410128028495581,6.933560152895884e-10,6.754243942045129e-09
Rnf31,1736,197,0.001037706525117758,0.0006619846096979065,8.063000774105413e-10,7.787342627982151e-09
Zfp131,1524,167,0.0009109819955526863,0.0005611747706576162,9.58525077613121e-10,9.179096082227344e-09
Naca,1232,126,0.0007364368887932477,0.0004234013239692194,1.0130230946854004e-09,9.6194629999538e-09
Dph7,1860,216,0.0011118284197690266,0.0007258308410900904,1.1114172513272874e-09,1.0465845783331956e-08
Tmf1,1380,147,0.0008249049566028261,0.0004939682112974226,1.1309337814025873e-09,1.0561612999875401e-08
Mkrn2,1804,208,0.00107835401573297,0.000698948217346013,1.1778774323623846e-09,1.0909848348930284e-08
Rnf126,1844,215,0.0011022643043301532,0.0007224705131220808,1.7238739242784693e-09,1.583721572711114e-08
Wdr36,1760,203,0.0010520526982760682,0.0006821465775059646,1.887200851379924e-09,1.719787872628479e-08
Cryab,1676,191,0.0010018410922219831,0.0006418226418898485,2.029983651844641e-09,1.8351052212675554e-08
Rybp,1212,125,0.000724481744494656,0.0004200409960012097,2.093022530926692e-09,1.8770757618628268e-08
Eif3i,1656,189,0.0009898859479233915,0.0006351019859538291,2.7608192798758366e-09,2.456476997054878e-08
Ccnb1ip1,1716,198,0.0010257513808191664,0.0006653449376659162,3.02451058327245e-09,2.67007574929521e-08
Rbbp6,1248,131,0.0007460010042321211,0.0004402029638092678,3.08019790496957e-09,2.698157854740786e-08
Mios,1316,141,0.0007866484948473328,0.0004738062434893646,3.6257212624135372e-09,3.151588481944075e-08
Fbxo30,1496,167,0.000894244793534658,0.0005611747706576162,4.076405055622304e-09,3.516288330422293e-08
Bcl6b,1544,174,0.000922937139851278,0.0005846970664336839,4.19673252831468e-09,3.592657391663324e-08
E4f1,1452,161,0.0008679434760777562,0.0005410128028495581,4.569880208521206e-09,3.8826801771646334e-08
Snrnp40,1796,211,0.0010735719580135332,0.000709029201250042,4.6130422304609855e-09,3.890102776433518e-08
Coro2b,1380,151,0.0008249049566028261,0.0005074095231694613,5.095944060263719e-09,4.265493917109631e-08
Coro7,1744,204,0.0010424885828371948,0.0006855069054739742,5.658911890132217e-09,4.701890026359857e-08
Wdr3,1648,190,0.0009851038902039548,0.0006384623139218387,5.727352339979204e-09,4.724020543194525e-08
Kbtbd12,1444,161,0.0008631614183583195,0.0005410128028495581,6.89400833655718e-09,5.645093782833053e-08
Coro1c,944,91,0.0005642828108935275,0.00030578984508888065,7.1092873400672904e-09,5.779492585810099e-08
March9,1612,186,0.0009635846304664897,0.0006250210020498,8.689527721445487e-09,7.013690232309572e-08
Phip,1584,182,0.0009468474284484614,0.0006115796901777613,8.923198547097198e-09,7.151215856893499e-08
Rnf215,1868,224,0.0011166104774884634,0.0007527134648341678,9.73643738675157e-09,7.748010033119206e-08
Sag,1272,138,0.0007603471773904311,0.00046372525958533555,1.2330031516601662e-08,9.743311618013902e-08
Fbxo25,1436,162,0.000858379360638883,0.0005443731308175678,1.472857482624946e-08,1.1557839967820756e-07
Fbxo6,1580,183,0.000944456399588743,0.000614940018145771,1.5143193336949313e-08,1.1720416760789536e-07
Ddb2,1580,183,0.000944456399588743,0.000614940018145771,1.5143193336949313e-08,1.1720416760789536e-07
Trim54,1552,179,0.0009277191975707147,0.0006014987062737323,1.5581040058654e-08,1.1896334639377716e-07
Paf1,1040,106,0.0006216675035267676,0.00035619476460902583,1.558058127076915e-08,1.1896334639377716e-07
Ing3,1224,132,0.0007316548310738111,0.0004435632917772775,1.6757529013624623e-08,1.2708730057312632e-07
Rad18,1296,143,0.0007746933505487411,0.00048052689942538394,2.205692182457789e-08,1.6616214441182008e-07
Rnf115,1576,184,0.0009420653707290247,0.0006183003461137807,2.551049818141859e-08,1.9090637711922523e-07
Rbbp4,1664,197,0.0009946680056428282,0.0006619846096979065,2.606374062134877e-08,1.9376333488239547e-07
Trim10,1412,161,0.0008440331874805728,0.0005410128028495581,3.4652115780953067e-08,2.5592739106194093e-07
Dcaf5,1824,222,0.0010903091600315616,0.0007459928088981485,3.855864470236393e-08,2.829303150238392e-07
Poc1a,1256,139,0.0007507830619515578,0.00046708558755334523,4.1315997954550777e-08,3.012069528299508e-07
Llgl1,1468,170,0.0008775075915166296,0.0005712557545616453,4.6134571082074854e-08,3.341799059150294e-07
Upf1,1232,136,0.0007364368887932477,0.0004570046036493162,4.843414191064609e-08,3.486024226689814e-07
Zmiz2,1568,185,0.000937283313009588,0.0006216606740817904,5.151603582256561e-08,3.661202545880449e-07
Rheb,1500,175,0.0008966358223943764,0.0005880573944016936,5.1265478769873324e-08,3.661202545880449e-07
Lifr,1396,160,0.0008344690720416995,0.0005376524748815485,5.441991088464712e-08,3.843406206228203e-07
Ring1,1084,116,0.0006479688209836692,0.0003897980442891226,7.198147738168695e-08,5.052116114366848e-07
Rnf5,1936,241,0.001157257968103675,0.0008098390402903323,7.334197334778469e-08,5.115829005123252e-07
Rnf8-cmtr1,1648,199,0.0009851038902039548,0.0006687052656339259,1.0127295082494672e-07,7.020762848600602e-07
Patz1,1216,136,0.0007268727733543744,0.0004570046036493162,1.1073492494928108e-07,7.62990641418827e-07
Nr3c1,1404,164,0.0008392511297611362,0.0005510937867535872,1.398721155608501e-07,9.579120641440038e-07
Pias2,1760,217,0.0010520526982760682,0.0007291911690581001,1.4798975809042695e-07,1.007400160495075e-06
Dlg4,1872,234,0.0011190015063481816,0.0007863167445142646,1.545661388334528e-07,1.04586668791498e-06
Lrsam1,1804,224,0.00107835401573297,0.0007527134648341678,1.6561216056021188e-07,1.1139389371014251e-06
Peli1,1552,187,0.0009277191975707147,0.0006283813300178098,2.020740956514683e-07,1.3511463200364448e-06
Fbxo27,1804,225,0.00107835401573297,0.0007560737928021775,2.1994264174934858e-07,1.4619716775103757e-06
Ptpn11,1468,175,0.0008775075915166296,0.0005880573944016936,2.3202717338269045e-07,1.5245699977151568e-06
Park2,1816,227,0.001085527102312125,0.0007627944487381969,2.3205844213009467e-07,1.5245699977151568e-06
Herc3,1288,149,0.0007699112928293045,0.000500688867233442,2.6809533131148824e-07,1.7511429155027843e-06
Pcgf3,1428,170,0.0008535973029194462,0.0005712557545616453,3.089977790260594e-07,2.0067097143646384e-06
Shkbp1,1860,235,0.0011118284197690266,0.0007896770724822742,3.3695853998373323e-07,2.175789429609249e-06
Coro1a,1996,256,0.0011931234009994502,0.0008602439598104775,3.669028055879782e-07,2.35568278587736e-06
Trim11,1524,185,0.0009109819955526863,0.0006216606740817904,3.902114539435343e-07,2.4911804686790607e-06
Wdr20rt,1376,164,0.0008225139277431079,0.0005510937867535872,5.250624608009735e-07,3.333261689354494e-06
Nfatc3,1380,165,0.0008249049566028261,0.0005544541147215968,5.967946379052928e-07,3.7674745297931894e-06
Bcl6,1936,249,0.001157257968103675,0.0008367216640344097,6.457885836568528e-07,4.054117219623576e-06
Wdr53,808,83,0.00048298782966310405,0.0002789072213448033,6.996054460506521e-07,4.367702508493021e-06
Wdr55,2328,310,0.001391578796356072,0.001041701670083,7.55876291502338e-07,4.693078073613417e-06
March1,1760,223,0.0010520526982760682,0.0007493531368661582,7.988366016949068e-07,4.932706884782758e-06
Ubr1,1224,143,0.0007316548310738111,0.00048052689942538394,8.16983358507253e-07,5.017343451702152e-06
Vprbp,1612,201,0.0009635846304664897,0.0006754259215699453,8.884703572384617e-07,5.426872992861955e-06
Mnat1,1244,148,0.0007436099753724027,0.0004973285392654323,1.5871280339982626e-06,9.642229453860412e-06
Prdm1,1404,172,0.0008392511297611362,0.0005779764104976646,1.6956260631985554e-06,1.0246296531627635e-05
Dtx3,1712,219,0.0010233603519594482,0.0007359118249941195,1.9397963752584896e-06,1.1659414383202624e-05
Rnf220,1280,154,0.0007651292351098678,0.0005174905070734904,1.9577350628105307e-06,1.1704976830560316e-05
Phf21a,1108,129,0.0006623149941419792,0.00043348230787324844,2.1934859354247986e-06,1.3045468984368538e-05
Rbx1,1792,232,0.0010711809291538148,0.0007795960885782452,2.3764915282058347e-06,1.4059871344882688e-05
Rnf144a,1420,176,0.0008488152452000095,0.0005914177223697032,2.7092319906888547e-06,1.5944959111866698e-05
Eml2,1372,169,0.0008201228988833895,0.0005678954265936355,2.8758435667578924e-06,1.683784057220942e-05
Kbtbd6,1136,134,0.0006790521961600077,0.00045028394771329684,2.937203828245758e-06,1.71084552882356e-05
Anapc1,1504,189,0.0008990268512540946,0.0006351019859538291,2.9803424382623114e-06,1.7270702334545704e-05
Fbxo22,1772,230,0.0010592257848552231,0.0007728754326422259,3.1233269218942956e-06,1.8006935825206908e-05
Spsb1,1568,199,0.000937283313009588,0.0006687052656339259,3.2386441223300997e-06,1.857699420422849e-05
Rspry1,1532,194,0.0009157640532721229,0.0006519036257938774,3.6761009185809752e-06,2.09797678686692e-05
Gm9117,1168,140,0.0006981804270377543,0.0004704459155213549,4.4062915455821e-06,2.5020650484963685e-05
Cxcr4,1828,240,0.0010927001888912798,0.0008064787123223227,4.4303019026856716e-06,2.5031205750174044e-05
Sh3rf2,1228,149,0.0007340458599335295,0.000500688867233442,4.525922381501623e-06,2.5444240254213102e-05
Pa2g4,1140,136,0.0006814432250197259,0.0004570046036493162,4.611030036006527e-06,2.5794375943996905e-05
Ube2e1,1640,212,0.000980321832484518,0.0007123895292180517,5.539503730559435e-06,3.083566116025695e-05
Hace1,1924,256,0.00115008488152452,0.0008602439598104775,5.867169012949316e-06,3.2499514630552584e-05
Pcgf5,1768,232,0.001056834755995505,0.0007795960885782452,6.035826460141069e-06,3.32706531705337e-05
Rag1,2000,268,0.0011955144298591684,0.0009005678954265937,6.144769878416092e-06,3.370674739131157e-05
Cebpb,1144,138,0.0006838342538794443,0.00046372525958533555,7.159163819584539e-06,3.908142568179e-05
Nle1,1452,186,0.0008679434760777562,0.0006250210020498,1.133633852630543e-05,6.129216523791932e-05
Tbl2,1452,186,0.0008679434760777562,0.0006250210020498,1.133633852630543e-05,6.129216523791932e-05
Map2k4,1160,142,0.0006933983693183177,0.00047716657145737426,1.1702801721858942e-05,6.29722187890505e-05
Tdpoz4,1580,206,0.000944456399588743,0.0006922275614099936,1.2596691620914108e-05,6.746095512622248e-05
Klhl2,1264,158,0.0007555651196709944,0.0005309318189455291,1.3075441925529292e-05,6.969457252758537e-05
Trim23,1628,214,0.000973148745905363,0.000719110185154071,1.4681671614317556e-05,7.788868039520582e-05
Wdr66,1228,153,0.0007340458599335295,0.0005141301791054807,1.4772776080711735e-05,7.800578023927223e-05
Med8,1536,200,0.0009181550821318413,0.0006720655936019355,1.5281205963174845e-05,8.031517552738407e-05
Rnf125,1404,180,0.0008392511297611362,0.000604859034241742,1.6118158049196723e-05,8.432184534996434e-05
Tdpoz3,1376,176,0.0008225139277431079,0.0005914177223697032,1.7318828482482555e-05,9.018560454011653e-05
Ubr4,1784,239,0.0010663988714343783,0.0008031183843543129,1.7958537711514576e-05,9.308783309179573e-05
Ttll3,2116,291,0.0012648542667910003,0.0009778554386908162,1.8135018459865006e-05,9.349606148237232e-05
Wsb1,1512,197,0.0009038089089735313,0.0006619846096979065,1.8202773031966292e-05,9.349606148237232e-05
Arih2,1516,198,0.0009061999378332496,0.0006653449376659162,2.0073350409921317e-05,0.00010263749304620402
Rnf213,1280,162,0.0007651292351098678,0.0005443731308175678,2.0362815547084254e-05,0.00010364856562254597
Pwp1,1508,197,0.0009014178801138129,0.0006619846096979065,2.1278157751309894e-05,0.0001078220549730053
Pias3,1564,206,0.0009348922841498696,0.0006922275614099936,2.334866319661061e-05,0.00011778566701861602
Kdm7a,1660,221,0.0009922769767831097,0.0007426324809301388,2.4189130246689073e-05,0.00012148318746114957
Bptf,1632,217,0.0009755397747650814,0.0007291911690581001,2.6251425452748268e-05,0.00013125712726374134
Trib3,1540,203,0.0009205461109915596,0.0006821465775059646,2.778886611274657e-05,0.0001383322410017781
Gm9840,1292,165,0.0007723023216890227,0.0005544541147215968,2.8079978364926543e-05,0.00013916831382617103
Ube4a,1468,192,0.0008775075915166296,0.0006451829698578581,2.848197025125295e-05,0.00014054422001709971
Klhl41,1552,205,0.0009277191975707147,0.000688867233441984,2.880616665618425e-05,0.00014152594922386174
Ivns1abp,1356,175,0.0008105587834445161,0.0005880573944016936,2.9868713539544497e-05,0.00014611102294236053
Pet2,1656,222,0.0009898859479233915,0.0007459928088981485,3.550421348216309e-05,0.0001729300053226047
Nlrp3,1200,152,0.000717308657915501,0.000510769851137471,3.6745870837086254e-05,0.00017820958817986037
Dcun1d1,1680,226,0.0010042321210817014,0.0007594341207701872,3.7750324732006174e-05,0.00018229857669729477
Atg16l2,1512,200,0.0009038089089735313,0.0006720655936019355,3.84948137735861e-05,0.00018510272154958425
Wdr61,1408,184,0.0008416421586208546,0.0006183003461137807,3.88923475369082e-05,0.00018622183354536555
Vps18,1024,126,0.0006121033880878942,0.0004234013239692194,4.2940825153769544e-05,0.000204738955374513
Rnf148,1740,236,0.0010400975539774765,0.000793037400450284,4.3635563971038786e-05,0.0002071772575095539
Dmxl2,1880,258,0.0011237835640676183,0.0008669646157464969,4.4076502056293636e-05,0.00020839517708624188
Rnf185,1156,146,0.0006910073404585993,0.000490607883329413,4.4282343583955693e-05,0.00020849603437445805
Mtor,1364,178,0.0008153408411639528,0.0005981383783057226,4.725605875664101e-05,0.00022157405143155326
Fbxw11,1524,203,0.0009109819955526863,0.0006821465775059646,5.074596901458244e-05,0.00023695431812594277
Cul9,1484,197,0.0008870717069555029,0.0006619846096979065,5.325940980266015e-05,0.00024766721430866654
Kdm5a,1328,173,0.0007938215814264878,0.0005813367384656742,5.414207584436542e-05,0.00025073994141038084
Ddb1,1308,170,0.0007818664371278961,0.0005712557545616453,5.513406794384133e-05,0.00025429182357771717
Rnf138rt1,1624,219,0.0009707577170456447,0.0007359118249941195,5.631737818039098e-05,0.0002586936477391943
Ppil2,1736,237,0.001037706525117758,0.0007963977284182936,6.276291652951932e-05,0.00028713399060063496
Bard1,1200,155,0.000717308657915501,0.0005208508350415,8.260997606321581e-05,0.0003748966785198147
Wipi2,1912,266,0.0011429117949453649,0.0008938472394905743,8.239766237790498e-05,0.0003748966785198147
Plrg1,968,120,0.0005786289840518375,0.00040323935616116133,8.743300844008607e-05,0.000395197198149189
Wdr73,1496,201,0.000894244793534658,0.0006754259215699453,8.858052349831762e-05,0.0003987888109685216
Rab1b,1424,190,0.0008512062740597279,0.0006384623139218387,9.27739790013949e-05,0.00041601030266498506
Ube2c,1868,260,0.0011166104774884634,0.0008736852716825162,0.00010054349096081267,0.0004490677659514558
Strn,1556,211,0.000930110226430433,0.000709029201250042,0.00010258227995375164,0.0004563699856210211
Prpf19,1432,192,0.0008559883317791646,0.0006451829698578581,0.00011105272533731222,0.0004921159985535797
Znrf4,1460,197,0.000872725533797193,0.0006619846096979065,0.0001288879438099378,0.0005689194394735537
Zfp451,1664,229,0.0009946680056428282,0.0007695151046742163,0.00012956302899669328,0.000569674018545772
Asb14,1388,186,0.0008296870143222628,0.0006250210020498,0.00013560070022832326,0.0005939100436356794
Wdr54,1284,170,0.0007675202639695861,0.0005712557545616453,0.0001400669986781164,0.0006111031216458361
Zfp598,1768,246,0.001056834755995505,0.0008266406801303807,0.00014671107190852902,0.0006376288894486069
Ciao1,1280,170,0.0007651292351098678,0.0005712557545616453,0.00016301180860344496,0.0007030661974118046
Ddx41,1280,170,0.0007651292351098678,0.0005712557545616453,0.00016301180860344496,0.0007030661974118046
Baz1b,1272,169,0.0007603471773904311,0.0005678954265936355,0.0001728160996803264,0.0007425178427329614
Hltf,2120,303,0.0012672452956507185,0.0010181793743069324,0.0001769098059717343,0.0007572275785911355
Wdr37,1768,247,0.001056834755995505,0.0008300010080983904,0.0001803424778377586,0.0007690075470062913
Pdzrn4,1184,156,0.0007077445424766277,0.0005242111630095098,0.00020096822549836254,0.0008537371985456754
Wdr47,1460,199,0.000872725533797193,0.0006687052656339259,0.00020332079796523875,0.000860496261051385
Fbxw10,1568,216,0.000937283313009588,0.0007258308410900904,0.00020470948513414693,0.0008631407395581569
Lrrc55,2164,311,0.0012935466131076202,0.0010450619980510098,0.00021062513212272973,0.0008847821535267086
Tnfaip1,1356,183,0.0008105587834445161,0.000614940018145771,0.00021600458010511276,0.0009040191685880645
Rhobtb3,2200,317,0.0013150658728450853,0.0010652239658590678,0.00021905642246091312,0.0009134086988222576
Triml1,1572,217,0.0009396743418693063,0.0007291911690581001,0.00022168682670888724,0.0009176048138499728
Ube2h,1464,200,0.0008751165626569113,0.0006720655936019355,0.0002209966630134546,0.0009176048138499728
Rnf152,812,100,0.00048537885852282235,0.00033603279680096776,0.00024137808527760948,0.0009954643662908713
Dio1,1340,181,0.0008009946680056428,0.0006082193622097517,0.00024241372249315872,0.000996100023335525
G2e3,1228,164,0.0007340458599335295,0.0005510937867535872,0.00026895641570920295,0.0011011621367804324
Kctd2,1768,249,0.001056834755995505,0.0008367216640344097,0.0002701998752262639,0.001102259418793062
Klhl42,1584,220,0.0009468474284484614,0.0007392721529621291,0.0002804260657286702,0.0011398613463071846
Phf8,1360,185,0.0008129498123042345,0.0006216606740817904,0.0002961350909306063,0.0011994001890737818
Trim32,1384,189,0.0008272959854625445,0.0006351019859538291,0.00031247608489987756,0.0012610641997745059
Htra2,1744,246,0.0010424885828371948,0.0008266406801303807,0.0003180204179915949,0.001278872143524919
Ahi1,1196,160,0.0007149176290557828,0.0005376524748815485,0.00033972850735752646,0.001359515732178978
Utp18,1616,226,0.0009659756593262081,0.0007594341207701872,0.00034048048867845197,0.001359515732178978
Trim63,1596,223,0.0009540205150276163,0.0007493531368661582,0.0003526608811081598,0.0014031929424373963
Ago2,1520,211,0.000908590966692968,0.000709029201250042,0.00035480409614636996,0.0014067671180540283
Ube2d1,1796,255,0.0010735719580135332,0.0008568836318424678,0.00036542738806951807,0.0014438214983166274
Rnf111,1032,135,0.0006168854458073309,0.0004536442756813065,0.0003722595136057495,0.00146569076785539
Bach1,2048,296,0.0012242067761757884,0.0009946570785308647,0.0004079178544478581,0.0016005110261322212
Drd4,1484,206,0.0008870717069555029,0.0006922275614099936,0.00041048881469490223,0.0016050254692222823
Dcaf12l2,1312,179,0.0007842574659876145,0.0006014987062737323,0.00041768659242301116,0.0016275374118551813
Wdr34,1412,195,0.0008440331874805728,0.0006552639537618872,0.0004438493633305744,0.0017189565466839724
Trim2,1208,163,0.0007220907156349377,0.0005477334587855775,0.0004441905412670088,0.0017189565466839724
Cdc40,1532,214,0.0009157640532721229,0.000719110185154071,0.0004466286285493534,0.0017224926630060387
Rnf25,1664,235,0.0009946680056428282,0.0007896770724822742,0.00044897660675513124,0.0017256583865078174
Nsmce1,1384,191,0.0008272959854625445,0.0006418226418898485,0.0004854214818209059,0.0018594110998563513
Rab40c,1352,186,0.0008081677545847978,0.0006250210020498,0.0004896960459903958,0.001869447743139011
Trim33,1604,226,0.000958802572747053,0.0007594341207701872,0.0005011594253634331,0.0019067681840426918
Kctd5,1584,223,0.0009468474284484614,0.0007493531368661582,0.0005197639253971548,0.00197091689831807
Kdm2b,1512,212,0.0009038089089735313,0.0007123895292180517,0.0005684132262753374,0.002148183764853282
Mkrn3,936,122,0.0005595007531740908,0.0004099600120971807,0.0005877869626335377,0.002213997559252992
Cdc34,1276,175,0.0007627382062501494,0.0005880573944016936,0.0006043535443724687,0.002268835565252125
Asb12,1488,209,0.0008894627358152213,0.0007023085453140227,0.0006707466179838002,0.002509747279210908
Xiap,1412,197,0.0008440331874805728,0.0006619846096979065,0.0006786893536840908,0.0025310857084588204
Unkl,1452,204,0.0008679434760777562,0.0006855069054739742,0.0007766325472380862,0.0028868249288784126
Ube4b,1944,283,0.0011620400258231117,0.0009509728149467388,0.0007954505814321098,0.0029470792033386363
Rnf44,1948,284,0.00116443105468283,0.0009543331429147485,0.0008460357497699625,0.0031242496641831945
Asb11,1580,225,0.000944456399588743,0.0007560737928021775,0.0008739540133292581,0.003216833990430168
Tceb2,1996,292,0.0011931234009994502,0.000981215766658826,0.0008810606247674871,0.003232462681776819
Asb4,1820,264,0.0010879181311718431,0.000887126583554555,0.0009511308340556454,0.003478245444928412
Enc1,560,67,0.00033474404036056715,0.00022514197385664842,0.0010045678086719313,0.003661811689675105
Shprh,1636,235,0.0009779308036247999,0.0007896770724822742,0.0010621785324085862,0.003859362513253062
Trim43c,1716,248,0.0010257513808191664,0.0008333613360664001,0.001089771820246899,0.003946929989996782
Zbtb45,2024,298,0.0012098606030174785,0.001001377734466884,0.0011271292791786053,0.004069188771475476
Rasd2,1476,210,0.0008822896492360662,0.0007056688732820323,0.0011974782782830087,0.004309396351782802
Tceb3,1900,279,0.00113573870836621,0.0009375315030747001,0.0013604449339909947,0.004880326271142299
Notch1,976,132,0.0005834110417712742,0.0004435632917772775,0.0015124142791749623,0.005408316884391479
Rnf222,1368,194,0.0008177318700236712,0.0006519036257938774,0.0015298683939646714,0.005453474085741573
Neurl1b,1208,169,0.0007220907156349377,0.0005678954265936355,0.0016788618945174126,0.005965767109448668
Rwdd3,1220,171,0.0007292638022140927,0.0005746160825296549,0.001712827450746663,0.006048421935449154
Dpy19l2,2088,311,0.001248117064772972,0.0010450619980510098,0.0017117167162578292,0.006048421935449154
Egfr,1624,236,0.0009707577170456447,0.000793037400450284,0.0018133731007844058,0.006383525245751959
Rnf182,1492,215,0.0008918537646749396,0.0007224705131220808,0.0019022395380860152,0.0066755611119167614
Sh3rf3,912,123,0.0005451545800157808,0.00041332034006519037,0.0019131543960088605,0.006693078846718305
Dcaf15,1448,208,0.0008655524472180379,0.000698948217346013,0.001926725670221103,0.0067197531091044635
Wdr12,1576,229,0.0009420653707290247,0.0007695151046742163,0.0020721272763713078,0.007204627145537162
Fbxo7,884,119,0.0005284173779977524,0.00039987902819315165,0.0020887436421007707,0.007240123667404512
Dcun1d5,1264,179,0.0007555651196709944,0.0006014987062737323,0.0021000307755043167,0.007256987083547026
Rbbp7,1932,287,0.0011548669392439568,0.0009644141268187775,0.0021565647578125156,0.007429628586366289
Fasl,1568,228,0.000937283313009588,0.0007661547767062065,0.0021828435602512567,0.007497304629434408
Syvn1,1536,223,0.0009181550821318413,0.0007493531368661582,0.0022479711953995087,0.007697598335761954
Socs2,1548,225,0.0009253281687109963,0.0007560737928021775,0.0022737946672779404,0.007762501432096896
Pcgf2,1840,273,0.001099873275470435,0.000917369535266642,0.0025325652060012513,0.008619875550546427
Myh10,1488,216,0.0008894627358152213,0.0007258308410900904,0.0025699767254953464,0.008720942041470696
Pias1,1432,207,0.0008559883317791646,0.0006955878893780033,0.0025814934090296784,0.008733795066477656
Phf14,1460,212,0.000872725533797193,0.0007123895292180517,0.0028212908033418086,0.009516592859033562
Wdhd1,1592,234,0.0009516294861678981,0.0007863167445142646,0.003158189313867107,0.010621291442469734
Mex3c,1456,212,0.0008703345049374746,0.0007123895292180517,0.0031681785550797745,0.010623269338991529
Rnf11,1804,269,0.00107835401573297,0.0009039282233946033,0.0034204030613704155,0.011435075323516477
Rnf24,1484,217,0.0008870717069555029,0.0007291911690581001,0.0034445519225260266,0.011481839741753423
Huwe1,1644,243,0.0009827128613442363,0.0008165596962263516,0.0034660861820366806,0.011519639369710143
Rho,1296,187,0.0007746933505487411,0.0006283813300178098,0.0036618150151279576,0.012134460314060387
Neurl2,1364,198,0.0008153408411639528,0.0006653449376659162,0.003693131801645227,0.012202453028827796
Wdr83,1672,248,0.0009994500633622647,0.0008333613360664001,0.0037279443861603086,0.012281566053531045
Zbtb33,1320,191,0.0007890395237070511,0.0006418226418898485,0.003756071905336123,0.012338259456482032
Mthfsl,1720,256,0.001028142409678885,0.0008602439598104775,0.0038339435926356574,0.012557554375879111
Tle3,1180,169,0.0007053535136169093,0.0005678954265936355,0.004126311055894131,0.013476102581388347
Ptk2,1264,183,0.0007555651196709944,0.000614940018145771,0.004535519926551961,0.014769848752172092
Pak1ip1,2024,308,0.0012098606030174785,0.0010349810141469808,0.005283607629745669,0.017156542016128176
Zc3hc1,1744,262,0.0010424885828371948,0.0008804059276185356,0.005314049000687916,0.017205946621138526
Zbtb7c,1308,191,0.0007818664371278961,0.0006418226418898485,0.005337790095679846,0.017233436594623504
Wdr25,1312,192,0.0007842574659876145,0.0006451829698578581,0.005682737279392615,0.018294852210010412
Siah2,1904,289,0.0011381297372259284,0.0009711347827547969,0.005909246265407588,0.018970023522473223
Zbtb38,1692,255,0.0010114052076608566,0.0008568836318424678,0.006715932820169667,0.021498595146718768
Wdr86,1392,206,0.0008320780431819812,0.0006922275614099936,0.006766233068169003,0.021598427590482975
Fbxo11,1532,229,0.0009157640532721229,0.0007695151046742163,0.006944782407167117,0.02210592709886998
Wdr77,1708,258,0.0010209693230997297,0.0008669646157464969,0.0071048732717118104,0.022551985384927937
Smad1,1652,249,0.000987494919063673,0.0008367216640344097,0.007320841257714396,0.023172410703689823
Klhl15,1160,169,0.0006933983693183177,0.0005678954265936355,0.007551928952838741,0.023837094180747982
Nacc1,1668,252,0.0009970590345025464,0.0008468026479384388,0.007745352211883745,0.024379520889773347
Anapc11,1788,272,0.0010687899002940965,0.0009140092072986324,0.008032207535333874,0.025212206985909105
Irf8,1628,246,0.000973148745905363,0.0008266406801303807,0.008445386284495931,0.026435696680001116
Ltbr,1444,216,0.0008631614183583195,0.0007258308410900904,0.008673581246755532,0.02707499118462362
Gm9008,1492,224,0.0008918537646749396,0.0007527134648341678,0.008870189078673658,0.027612434322041968
Mid1,1624,246,0.0009707577170456447,0.0008266406801303807,0.009321426292538402,0.02893739480925383
Tdpoz5,1896,291,0.0011333476795064917,0.0009778554386908162,0.009454514130090727,0.029270139635623346
Zbtb9,1372,205,0.0008201228988833895,0.000688867233441984,0.009822933853126352,0.030327637306100486
Arnt,1528,231,0.0009133730244124047,0.0007762357606102355,0.010495514170881817,0.0323158883190639
Bfar,1188,176,0.000710135571336346,0.0005914177223697032,0.011638698275719167,0.03573839416185505
Ercc8,1680,257,0.0010042321210817014,0.0008636042877784872,0.012047081233601426,0.03689214578311548
Scap,1576,240,0.0009420653707290247,0.0008064787123223227,0.012352625144930272,0.037725584902084344
Bmi1,1460,221,0.000872725533797193,0.0007426324809301388,0.012553113239134831,0.03823454975801175
Rnf167,1804,278,0.00107835401573297,0.0009341711751066905,0.0128490815036212,0.03903081209433321
Pdzrn3,1140,169,0.0006814432250197259,0.0005678954265936355,0.013375444179562717,0.04052078263513638
Gm19037,1584,242,0.0009468474284484614,0.000813199368258342,0.013629000354396788,0.04117853048253575
Rnf128,1680,258,0.0010042321210817014,0.0008669646157464969,0.013862409424234943,0.041772060398361295
Dnaic2,1716,264,0.0010257513808191664,0.000887126583554555,0.013930294173263993,0.041864979829224234
Irs1,1492,227,0.0008918537646749396,0.0007627944487381969,0.013999814992343505,0.04196231018925242
Rab40b,1532,234,0.0009157640532721229,0.0007863167445142646,0.014837612675714266,0.04435582625279661
Fbxw8,1688,260,0.001009014178801138,0.0008736852716825162,0.015212991738419779,0.04535799647602731
Gm10697,1512,231,0.0009038089089735313,0.0007762357606102355,0.015502958145853885,0.04602942399799135
Wdr75,1208,181,0.0007220907156349377,0.0006082193622097517,0.015519655347995313,0.04602942399799135
Fbxo18,1116,166,0.0006670970518614159,0.0005578144426896066,0.015610477313730926,0.04605702183946722
Nfatc1,1220,183,0.0007292638022140927,0.000614940018145771,0.015607745080073454,0.04605702183946722
Kbtbd7,1716,265,0.0010257513808191664,0.0008904869115225646,0.015960758177058772,0.0468894266429945
Rae1,1432,218,0.0008559883317791646,0.0007325514970261097,0.015975601112878657,0.0468894266429945
Mthfs,1540,236,0.0009205461109915596,0.000793037400450284,0.016347790378310578,0.04785752105567605
Gm19741,1376,209,0.0008225139277431079,0.0007023085453140227,0.01653500869064534,0.04828051633185849
Pam,1356,206,0.0008105587834445161,0.0006922275614099936,0.017284087964601718,0.050281365356239546
Zbtb1,1616,249,0.0009659756593262081,0.0008367216640344097,0.01730924878192671,0.050281365356239546
Pex7,1428,218,0.0008535973029194462,0.0007325514970261097,0.01760119057410506,0.050952838874267985
Trim30b,1136,170,0.0006790521961600077,0.0005712557545616453,0.01763058407065379,0.050952838874267985
Rnf14,1080,161,0.0006455777921239509,0.0005410128028495581,0.0180855108343391,0.052134253170416284
Hes5,1496,230,0.000894244793534658,0.0007728754326422259,0.019595495799203028,0.056343283086766976
Kat6a,1544,238,0.000922937139851278,0.0007997580563863033,0.01970854186457975,0.0565244982410536
Kdm5b,1368,209,0.0008177318700236712,0.0007023085453140227,0.020102978418286985,0.05750978636117543
Wdr70,1528,236,0.0009133730244124047,0.000793037400450284,0.021562932767148834,0.0615305909769651
Eml5,1280,195,0.0007651292351098678,0.0006552639537618872,0.02173455104892657,0.06186408736848117
Cdc20b,1376,211,0.0008225139277431079,0.000709029201250042,0.022172856621483352,0.0629530853826035
Fas,1760,275,0.0010520526982760682,0.0009240901912026614,0.022615706586506502,0.06383692358354688
Wwp1,1700,265,0.001016187265380293,0.0008904869115225646,0.02265363394424982,0.06383692358354688
Pex2,1544,239,0.000922937139851278,0.0008031183843543129,0.02258579545663109,0.06383692358354688
Fbxl12,2088,330,0.001248117064772972,0.0011089082294431936,0.022819311348783074,0.0641438353833952
Phf7,1332,204,0.0007962126102862061,0.0006855069054739742,0.023084727894084035,0.06472888962857311
Fbxo3,1824,286,0.0010903091600315616,0.0009610537988507679,0.02348938188655122,0.06570049884109623
Nos2,1500,232,0.0008966358223943764,0.0007795960885782452,0.023562938244098226,0.06574350670575554
Trim17,1136,172,0.0006790521961600077,0.0005779764104976646,0.024271828326949702,0.06755459608239696
Parp9,1056,159,0.0006312316189656409,0.0005342921469135387,0.02483020484606343,0.06893889797555694
Nr1h3,1444,224,0.0008631614183583195,0.0007527134648341678,0.028135479185320403,0.07781885676816638
Ube2o,1528,238,0.0009133730244124047,0.0007997580563863033,0.028166294175380573,0.07781885676816638
Msl2,1136,173,0.0006790521961600077,0.0005813367384656742,0.02830756795126935,0.07801841898764479
Rnf145,1280,197,0.0007651292351098678,0.0006619846096979065,0.029087632207487512,0.0799732953636518
Rnft1,1176,180,0.000702962484757191,0.000604859034241742,0.030026665187441032,0.08235468849953487
Gnb1l,968,146,0.0005786289840518375,0.000490607883329413,0.03135170654447719,0.08578069829360588
Klhl9,1456,227,0.0008703345049374746,0.0007627944487381969,0.03212953106688426,0.08769654614874206
Mycbp2,1592,250,0.0009516294861678981,0.0008400819920024195,0.033275145477038415,0.09060461298567087
Dars,1596,251,0.0009540205150276163,0.0008434423199704291,0.03466255083347735,0.09415548663901299
Pou5f1,872,131,0.0005212442914185974,0.0004402029638092678,0.035460584200656356,0.09609223056772587
Rnf121,1696,268,0.0010137962365205748,0.0009005678954265937,0.03564458558724077,0.09635976486502887
Irf2bp1,1384,216,0.0008272959854625445,0.0007258308410900904,0.0366848952587289,0.09893539771447174
Ogt,1676,265,0.0010018410922219831,0.0008904869115225646,0.037191923235411435,0.10006398394289266
Topors,1776,282,0.0010616168137149416,0.0009476124869787292,0.038025260089467564,0.10188072259125004
Cd2ap,1136,175,0.0006790521961600077,0.0005880573944016936,0.03804749109159957,0.10188072259125004
Tdpoz1,1208,187,0.0007220907156349377,0.0006283813300178098,0.03828782404639393,0.10228189402464571
Klhl17,1828,291,0.0010927001888912798,0.0009778554386908162,0.03909631609171051,0.10419537071611529
Map3k1,1564,247,0.0009348922841498696,0.0008300010080983904,0.040937490729960495,0.10884556358789498
Rnf217,1544,244,0.000922937139851278,0.0008199200241943614,0.04273743938870155,0.11336456927049943
March5,1484,234,0.0008870717069555029,0.0007863167445142646,0.04309051749949403,0.11403345380428163
Ppwd1,1376,216,0.0008225139277431079,0.0007258308410900904,0.043594674572346365,0.11509808940829763
Cd28,1380,217,0.0008249049566028261,0.0007291911690581001,0.04545512764120289,0.11956990704611047
Rnf150,1344,211,0.0008033856968653612,0.000709029201250042,0.04561152743917882,0.11956990704611047
Ldb2,1368,215,0.0008177318700236712,0.0007224705131220808,0.045509931616790934,0.11956990704611047
Cdc23,1056,163,0.0006312316189656409,0.0005477334587855775,0.04571168127780506,0.11956990704611047
Wdr18,1652,263,0.000987494919063673,0.0008837662555865452,0.047134706953761624,0.12300743385161811
Klhl11,1216,190,0.0007268727733543744,0.0006384623139218387,0.048033471645760856,0.12494038960244794
Btbd19,1132,176,0.0006766611673002893,0.0005914177223697032,0.048096521661119336,0.12494038960244794
Trim6,2188,354,0.0013078927862659301,0.001189556100675426,0.04874578489249646,0.12633655258835091
LOC108168312,1436,227,0.000858379360638883,0.0007627944487381969,0.04901045306634375,0.12673183516011086
Dtx4,1440,228,0.0008607703894986013,0.0007661547767062065,0.05099388015717048,0.13155955383014303
Ube3a,1752,281,0.0010472706405566315,0.0009442521590107194,0.05337911682377194,0.1373995489996863
Klhl25,2340,381,0.001398751882935227,0.0012802849558116872,0.054407797433440076,0.1397291161358802
Rnf4,1252,197,0.0007483920330918394,0.0006619846096979065,0.054552993785139677,0.13978431514106085
Cbx4,1916,309,0.0011453028238050833,0.0010383413421149903,0.054703502779719894,0.13985284647303955
Mst1r,1144,179,0.0006838342538794443,0.0006014987062737323,0.055052906983847086,0.14042840833351514
Gsk3b,1832,295,0.0010950912177509983,0.000991296750562855,0.056051743948827566,0.14265421320309718
Klhl31,1136,178,0.0006790521961600077,0.0005981383783057226,0.057571289828694916,0.1461922640593826
Seh1l,1516,242,0.0009061999378332496,0.000813199368258342,0.058705975320280775,0.1487393545110253
Lnx1,1236,195,0.000738827917652966,0.0006552639537618872,0.05947372080832044,0.1503474373901613
Tbc1d31,1200,189,0.000717308657915501,0.0006351019859538291,0.05974920113060234,0.15070669035174253
Trim15,1716,276,0.0010257513808191664,0.0009274505191706711,0.05999493327080134,0.15098947571493435
Lrba,1032,161,0.0006168854458073309,0.0005410128028495581,0.06052298721325617,0.15197994566884326
Klhl22,1756,283,0.00104966166941635,0.0009509728149467388,0.061430416988389726,0.15391656584674146
Bach2,1448,231,0.0008655524472180379,0.0007762357606102355,0.06194519842126826,0.15486299605317064
Map3k14,1316,209,0.0007866484948473328,0.0007023085453140227,0.06369812456670879,0.15889377651298217
Gtf2h2,1564,251,0.0009348922841498696,0.0008434423199704291,0.06485111331590244,0.16141356398010961
Ahr,1016,159,0.0006073213303684575,0.0005342921469135387,0.06633262055772424,0.16437688866278155
Pink1,2040,332,0.0012194247184563517,0.001115628885379213,0.06620909689793861,0.16437688866278155
Nsmce2,1656,267,0.0009898859479233915,0.0008972075674585839,0.06785914688075775,0.16779176362200496
Asb7,1324,211,0.0007914305525667694,0.000709029201250042,0.06883095062872886,0.16982308779577207
Wdr27,1180,187,0.0007053535136169093,0.0006283813300178098,0.0708589714053379,0.17444583374298872
Zbtb40,1564,252,0.0009348922841498696,0.0008468026479384388,0.07225547842664166,0.17749715352631537
Eml6,1040,164,0.0006216675035267676,0.0005510937867535872,0.07556949980148761,0.1852354333528872
Ret,1324,212,0.0007914305525667694,0.0007123895292180517,0.07728824437096142,0.18903834662161562
Slitrk5,1140,181,0.0006814432250197259,0.0006082193622097517,0.07751597478414393,0.18918585638462773
LOC101055995,1364,219,0.0008153408411639528,0.0007359118249941195,0.07939408157366518,0.19335196590138287
Rbck1,1476,238,0.0008822896492360662,0.0007997580563863033,0.07968658765183523,0.19364697644424475
Mdm4,1356,218,0.0008105587834445161,0.0007325514970261097,0.08258622785693398,0.20026274136981845
Pten,1508,244,0.0009014178801138129,0.0008199200241943614,0.0846558748972252,0.20484183861641217
Trim31,1836,300,0.0010974822466107165,0.0010080983904029034,0.08607314864605742,0.20782619224368565
Wdr13,1828,299,0.0010927001888912798,0.0010047380624348937,0.08907721056932894,0.21462099774699722
Fbxw2,1716,280,0.0010257513808191664,0.0009408918310427098,0.08998103039549521,0.21621110756996467
Zbtb4,1008,160,0.0006025392726490209,0.0005376524748815485,0.09011985103137465,0.21621110756996467
Klhl1,2060,339,0.0012313798627549436,0.0011391511811552808,0.0918547472838725,0.21990649243808458
Trim50,1456,236,0.0008703345049374746,0.000793037400450284,0.09234258723315159,0.2206070265823706
Kbtbd2,1320,213,0.0007890395237070511,0.0007157498571860614,0.09320778217002124,0.22220420643908015
Kdm5d,1704,279,0.0010185782942400115,0.0009375315030747001,0.09942885416633263,0.2365360109641176
Ppara,1908,314,0.0011405207660856466,0.0010551429819550388,0.10050346587406839,0.23816045585090193
Gnb1,1504,245,0.0008990268512540946,0.000823280352162371,0.10053321897423029,0.23816045585090193
Rnf151,1656,271,0.0009898859479233915,0.0009106488793306227,0.10129151580470874,0.23945483861782613
Rnf183,1496,244,0.000894244793534658,0.0008199200241943614,0.10423941363035688,0.24590926388789827
Jade2,1404,229,0.0008392511297611362,0.0007695151046742163,0.1115887583398893,0.2626985352584894
Triml2,1092,176,0.000652750878703106,0.0005914177223697032,0.11205185142796231,0.2632403162444853
Rnf112,1760,290,0.0010520526982760682,0.0009744951107228065,0.11328124505215187,0.26557636288160086
Rnf6,1244,202,0.0007436099753724027,0.0006787862495379549,0.11443972544128461,0.2677368317777466
Cul1,1332,217,0.0007962126102862061,0.0007291911690581001,0.11468117210252354,0.2677473646195281
Dtx1,1320,215,0.0007890395237070511,0.0007224705131220808,0.11520240926646086,0.26840973705381604
Rapsn,1260,205,0.000753174090811276,0.000688867233441984,0.11783161961675309,0.2739706382035617
Rnf40,1316,215,0.0007866484948473328,0.0007224705131220808,0.1234834701788377,0.2865222203328267
Wdr76,1092,177,0.000652750878703106,0.000594778050337713,0.1253542014984801,0.2902669010108248
Wdtc1,1432,235,0.0008559883317791646,0.0007896770724822742,0.12580729206108532,0.29072032725772273
Klhl34,1524,251,0.0009109819955526863,0.0008434423199704291,0.12889622582502946,0.29725047996384346
Btbd6,1656,274,0.0009898859479233915,0.0009207298632346517,0.13323064733332185,0.30646070867313363
Wdr78,1580,261,0.000944456399588743,0.0008770455996505259,0.13370365431491582,0.30646070867313363
Rack1,1364,224,0.0008153408411639528,0.0007527134648341678,0.13364390728698267,0.30646070867313363
Grwd1,1612,267,0.0009635846304664897,0.0008972075674585839,0.13985804384062306,0.31941471595305304
Fbxl19,1676,278,0.0010018410922219831,0.0009341711751066905,0.13992060566085068,0.31941471595305304
Traf3,1460,241,0.000872725533797193,0.0008098390402903323,0.14089313925978714,0.320986385813628
Stat1,1704,283,0.0010185782942400115,0.0009509728149467388,0.14216271244626028,0.32322709268465616
Nedd4,1784,297,0.0010663988714343783,0.0009980174064988742,0.144976137912477,0.32583107716789045
Nbeal1,1324,218,0.0007914305525667694,0.0007325514970261097,0.1449445766116626,0.32583107716789045
Ikbkg,1248,205,0.0007460010042321211,0.000688867233441984,0.14503808125260964,0.32583107716789045
Hoxb4,1476,244,0.0008822896492360662,0.0008199200241943614,0.14421732885865712,0.32583107716789045
Rnf43,1784,297,0.0010663988714343783,0.0009980174064988742,0.144976137912477,0.32583107716789045
Phf1,1784,297,0.0010663988714343783,0.0009980174064988742,0.144976137912477,0.32583107716789045
Wdr63,1072,175,0.0006407957344045143,0.0005880573944016936,0.1459209958504053,0.32716413752174206
Eml3,1148,188,0.0006862252827391626,0.0006317416579858194,0.14637696281759333,0.32753657026510985
Rnf144b,1504,249,0.0008990268512540946,0.0008367216640344097,0.14675681253054051,0.32773754576978414
Spopl,1124,184,0.0006718791095808526,0.0006183003461137807,0.14786498996255582,0.3295610229934676
Birc3,1828,305,0.0010927001888912798,0.0010249000302429516,0.15001345404852195,0.3336913446354917
Wdr45b,1308,216,0.0007818664371278961,0.0007258308410900904,0.15548728256618077,0.34518787681686497
Klhl12,1888,316,0.001128565621787055,0.0010618636378910582,0.1579182903575777,0.3498973884393389
Trim62,1528,254,0.0009133730244124047,0.0008535233038744582,0.15845941683064146,0.3504092779229449
Fbxo4,1324,219,0.0007914305525667694,0.0007359118249941195,0.15922723302038833,0.3514194791270289
Fbxo28,1172,193,0.0007005714558974726,0.0006485432978258678,0.16012092325860106,0.35270300834740587
Zbtb11,972,159,0.0005810200129115558,0.0005342921469135387,0.16338155015487804,0.35918511999029606
Cyld,1572,262,0.0009396743418693063,0.0008804059276185356,0.16429681053884515,0.36049591438620393
Llgl2,1524,254,0.0009109819955526863,0.0008535233038744582,0.16804841459932507,0.3680130009636382
Rbp2,1268,210,0.0007579561485307127,0.0007056688732820323,0.16852913796375285,0.36835188761903426
Rnf181,1296,215,0.0007746933505487411,0.0007224705131220808,0.171490704106738,0.3733805310994488
Chd5,1824,306,0.0010903091600315616,0.0010282603582109614,0.1712775267739569,0.3733805310994488
Kctd17,1336,222,0.0007986036391459245,0.0007459928088981485,0.1733966683741432,0.3768042985822727
Ndfip1,1664,279,0.0009946680056428282,0.0009375315030747001,0.18008633994855072,0.38984207690011935
Foxo1,1664,279,0.0009946680056428282,0.0009375315030747001,0.18008633994855072,0.38984207690011935
Il17a,1784,300,0.0010663988714343783,0.0010080983904029034,0.18364246959834607,0.3967800968377267
Ube2j2,1492,250,0.0008918537646749396,0.0008400819920024195,0.19062266007324052,0.4110755837457286
Kctd6,1792,302,0.0010711809291538148,0.0010148190463389226,0.19228400844948995,0.4138684372341403
Spop,1496,251,0.000894244793534658,0.0008434423199704291,0.19545142785759878,0.41988614729864376
Rfwd3,1240,207,0.0007412189465126844,0.0006955878893780033,0.19857956306907382,0.4237948677451201
Rcbtb2,1292,216,0.0007723023216890227,0.0007258308410900904,0.19914116708821256,0.4237948677451201
Dmwd,1524,256,0.0009109819955526863,0.0008602439598104775,0.19796297050188488,0.4237948677451201
Crbn,1408,236,0.0008416421586208546,0.000793037400450284,0.19872990765444615,0.4237948677451201
Elp2,1512,254,0.0009038089089735313,0.0008535233038744582,0.19914608386960952,0.4237948677451201
Zfp106,1344,225,0.0008033856968653612,0.0007560737928021775,0.19958648243009364,0.4239336938834696
Gm7075,1552,261,0.0009277191975707147,0.0008770455996505259,0.20042697912030427,0.4249202371593693
Trim5,1268,212,0.0007579561485307127,0.0007123895292180517,0.20156684866010577,0.4265365898612725
Itch,1204,201,0.0007196996867752193,0.0006754259215699453,0.20222495799001894,0.42712935052097456
Cdk5,1348,226,0.0008057767257250796,0.0007594341207701872,0.20482361015899248,0.43181096917847295
Mapkbp1,1336,224,0.0007986036391459245,0.0007527134648341678,0.20607453108917956,0.4336391436327242
Ift80,1328,223,0.0007938215814264878,0.0007493531368661582,0.21272260762369938,0.44679655504606003
Trim72,1096,183,0.0006551419075628243,0.000614940018145771,0.2137688199748511,0.4473310492066328
4921501E09Rik,1824,309,0.0010903091600315616,0.0010383413421149903,0.21349101462949605,0.4473310492066328
Btbd11,1188,199,0.000710135571336346,0.0006687052656339259,0.21616854521001266,0.45068349831607807
Zbtb37,1188,199,0.000710135571336346,0.0006687052656339259,0.21616854521001266,0.45068349831607807
Ppp2r2a,1436,242,0.000858379360638883,0.000813199368258342,0.2181248448801198,0.4539246311501572
Snca,1320,222,0.0007890395237070511,0.0007459928088981485,0.21953199366660486,0.45601314860894027
Atxn3,1324,223,0.0007914305525667694,0.0007493531368661582,0.22508576615766113,0.4666915885470772
Zbtb34,1508,255,0.0009014178801138129,0.0008568836318424678,0.22701836870092118,0.46983655060813356
Trpc4ap,1496,253,0.000894244793534658,0.0008501629759064484,0.22842205417805422,0.47187736969141003
Tceb1,1016,170,0.0006073213303684575,0.0005712557545616453,0.22991031898863246,0.4740851468196253
Ipp,1828,311,0.0010927001888912798,0.0010450619980510098,0.23356270032204146,0.48073925567196146
Eif3f,1452,246,0.0008679434760777562,0.0008266406801303807,0.23961873959091962,0.49141411204671354
Ube2d3,1452,246,0.0008679434760777562,0.0008266406801303807,0.23961873959091962,0.49141411204671354
Copb2,1492,253,0.0008918537646749396,0.0008501629759064484,0.24056045558162642,0.49245165725948886
Birc7,1336,226,0.0007986036391459245,0.0007594341207701872,0.24210021012315674,0.4947074818068122
Klhl26,1324,224,0.0007914305525667694,0.0007527134648341678,0.243653089803617,0.4969819340759697
Chd4,1508,256,0.0009014178801138129,0.0008602439598104775,0.24446462927494522,0.49773879473997856
Kcmf1,1616,275,0.0009659756593262081,0.0009240901912026614,0.24827010765553748,0.5045777367819376
Trim37,1368,232,0.0008177318700236712,0.0007795960885782452,0.25048314073275946,0.508161488380643
Kif21b,1148,194,0.0006862252827391626,0.0006519036257938774,0.25421575266885266,0.5148096783437339
Wdr89,1676,286,0.0010018410922219831,0.0009610537988507679,0.2578339780979227,0.5212028537578759
Whsc1,1796,307,0.0010735719580135332,0.001031620686178971,0.25920151635771205,0.5230316312218118
Mkrn1,1432,244,0.0008559883317791646,0.0008199200241943614,0.2670039419265238,0.5378154266969197
Socs3,1448,247,0.0008655524472180379,0.0008300010080983904,0.27108154304656606,0.5450571950936293
Kctd9,1148,195,0.0006862252827391626,0.0006552639537618872,0.27548210619024405,0.551941099281872
Kmt2d,1676,287,0.0010018410922219831,0.0009644141268187775,0.2754769434649153,0.551941099281872
Tbl1xr1,1752,301,0.0010472706405566315,0.001011458718370913,0.28843444533324036,0.5768688906664807
Vhl,1808,311,0.0010807450445926882,0.0010450619980510098,0.292107360708843,0.5821539992962833
Rnf223,1688,290,0.001009014178801138,0.0009744951107228065,0.29187618946042115,0.5821539992962833
Traf2,1572,270,0.0009396743418693063,0.000907288551362613,0.2971304725894675,0.5911222430036941
Rlim,1400,240,0.0008368601009014179,0.0008064787123223227,0.2982093304743937,0.5917057391128172
Dcaf12,1440,247,0.0008607703894986013,0.0008300010080983904,0.29847103654363344,0.5917057391128172
Rnf166,1760,303,0.0010520526982760682,0.0010181793743069324,0.29927714658230137,0.5917392010694185
Abtb1,1308,224,0.0007818664371278961,0.0007527134648341678,0.2995352416032808,0.5917392010694185
Sept4,1404,241,0.0008392511297611362,0.0008098390402903323,0.30436631371624023,0.6002337425817651
Flt3,2016,349,0.0012050785452980418,0.0011727544608353775,0.31944010470030376,0.6288629238873575
Asb18,1388,239,0.0008296870143222628,0.0008031183843543129,0.32098545165430425,0.6297327751560308
Zbtb46,1348,232,0.0008057767257250796,0.0007795960885782452,0.3209965296370564,0.6297327751560308
Vps41,1724,298,0.0010305334385386031,0.001001377734466884,0.32357576446043845,0.6336925716469592
Sh3rf1,688,117,0.00041125696387155395,0.0003931583722571323,0.32629177618363436,0.6368043300302363
Klhl5,1632,282,0.0009755397747650814,0.0009476124869787292,0.3261298151728206,0.6368043300302363
Dtx2,836,143,0.0004997250316811323,0.00048052689942538394,0.3324949256859651,0.6477918379743803
Prpf4,1144,197,0.0006838342538794443,0.0006619846096979065,0.33682711148840505,0.6551026436865709
Src,1292,223,0.0007723023216890227,0.0007493531368661582,0.3386414222200094,0.657499668571496
Arpc1a,1628,282,0.000973148745905363,0.0009476124869787292,0.3399955485709595,0.658996517813352
Arrb1,1388,240,0.0008296870143222628,0.0008064787123223227,0.3423656800076908,0.6624541411107715
Anapc7,1404,243,0.0008392511297611362,0.0008165596962263516,0.3465400889521489,0.6693851290870568
Nfx1,1324,229,0.0007914305525667694,0.0007695151046742163,0.34733007718056463,0.6697661897850479
Wdr17,2296,400,0.0013724505654783253,0.001344131187203871,0.35008353498303035,0.6739257147032782
Wdfy2,1856,323,0.0011094373909093082,0.001085385933667126,0.3580233563923369,0.6880380828628243
Pml,1292,224,0.0007723023216890227,0.0007527134648341678,0.36125038652590313,0.693061013199101
Nsd1,1564,272,0.0009348922841498696,0.0009140092072986324,0.36540858439926016,0.6998503396121423
Cul4a,1864,325,0.0011142194486287449,0.0010921065896031452,0.3693163338998464,0.7061378296223798
Sqstm1,1852,323,0.00110704636204959,0.001085385933667126,0.3714986144477481,0.7091105309560057
Poc1b,1748,305,0.0010448796116969133,0.0010249000302429516,0.3777901250474127,0.7199036109672452
Rims1,1100,191,0.0006575329364225426,0.0006418226418898485,0.37880903146703093,0.7206299756864394
Trim65,1524,266,0.0009109819955526863,0.0008938472394905743,0.3874820577706012,0.735890294589545
Wdr72,1512,264,0.0009038089089735313,0.000887126583554555,0.38995628220515394,0.7393466424359462
Cfap52,1300,227,0.0007770843794084594,0.0007627944487381969,0.3981562221625674,0.7536290302239551
Pja2,1464,256,0.0008751165626569113,0.0008602439598104775,0.40008038437864263,0.7547426282935997
Nfkb1,1940,340,0.0011596489969633935,0.0011425115091232905,0.3999860383237079,0.7547426282935997
Fbxl15,1316,230,0.0007866484948473328,0.0007728754326422259,0.40235591077839417,0.7565094495500588
Fbxo17,1248,218,0.0007460010042321211,0.0007325514970261097,0.4020901602585314,0.7565094495500588
Apaf1,1772,311,0.0010592257848552231,0.0010450619980510098,0.41329220832220215,0.775781055488519
Fbxo9,1364,239,0.0008153408411639528,0.0008031183843543129,0.41469495493449116,0.7771232157147181
Baz1a,1276,224,0.0007627382062501494,0.0007527134648341678,0.4275165236628842,0.7998239598328793
Gtf3c2,1040,183,0.0006216675035267676,0.000614940018145771,0.44599941806671506,0.8316490798933796
Hectd1,1972,348,0.00117877722784114,0.0011693941328673677,0.44530503451922687,0.8316490798933796
Abtb2,1692,299,0.0010114052076608566,0.0010047380624348937,0.45799742779973857,0.852614651422907
Thoc6,1184,209,0.0007077445424766277,0.0007023085453140227,0.45905983224820207,0.8531868592770862
Klhl28,1420,251,0.0008488152452000095,0.0008434423199704291,0.4630392399253744,0.8591696898451118
Ube2cbp,1232,218,0.0007364368887932477,0.0007325514970261097,0.47129271216992247,0.8730504340196925
Fbxo32,1136,201,0.0006790521961600077,0.0006754259215699453,0.4720974018623054,0.8731097612183389
Ppp2r2c,1440,255,0.0008607703894986013,0.0008568836318424678,0.47343407462092557,0.8741511508523625
Gm4778,1524,270,0.0009109819955526863,0.000907288551362613,0.4754585207781504,0.8764569795747307
Kctd10,1168,207,0.0006981804270377543,0.0006955878893780033,0.4803208707211501,0.8839781496985336
Gmcl1,1364,242,0.0008153408411639528,0.000813199368258342,0.48495574411644427,0.8904704548739457
Dync1i1,1544,274,0.000922937139851278,0.0009207298632346517,0.48542460194898285,0.8904704548739457
Aire,1340,238,0.0008009946680056428,0.0007997580563863033,0.4912345209188495,0.898211988087864
Zbtb20,1312,233,0.0007842574659876145,0.0007829564165462549,0.4906799725608624,0.898211988087864
Sec13,1148,204,0.0006862252827391626,0.0006855069054739742,0.4944988140097276,0.9027199674167887
Neurl1a,1468,261,0.0008775075915166296,0.0008770455996505259,0.4968711854938765,0.9047669376837079
Nanog,1884,335,0.0011261745929273365,0.001125709869283242,0.497221476373082,0.9047669376837079
Taf3,1164,207,0.000695789398178036,0.0006955878893780033,0.4984675646019284,0.9055761221867831
Ssr3,1500,267,0.0008966358223943764,0.0008972075674585839,0.5038302674885609,0.9138494418331842
Fbxw9,932,166,0.0005571097243143724,0.0005578144426896066,0.5059879197157239,0.916292226408282
Hdac4,1780,317,0.0010640078425746598,0.0010652239658590678,0.5074789559597646,0.9175219523752544
Wwp2,1100,196,0.0006575329364225426,0.0006586242817298968,0.5085354462258751,0.9179633454237043
Gtf3c1,1532,273,0.0009157640532721229,0.000917369535266642,0.5106407233288576,0.9202934886150064
Hectd2,1312,234,0.0007842574659876145,0.0007863167445142646,0.5147447932419348,0.9262127649098507
Dpf2,1372,245,0.0008201228988833895,0.000823280352162371,0.522100123306657,0.9379541165922455
Fbxo44,1416,253,0.0008464242163402912,0.0008501629759064484,0.5257536157268622,0.9430183901132608
Ubr3,1700,304,0.001016187265380293,0.001021539702274942,0.5336329559789842,0.9556342951763109
Znrf2,1604,287,0.000958802572747053,0.0009644141268187775,0.5362912877412471,0.9588752454867234
Herc6,1328,238,0.0007938215814264878,0.0007997580563863033,0.5421649155846444,0.9678457418809607
Wdr44,1148,206,0.0006862252827391626,0.0006922275614099936,0.5458304649461516,0.9713203549435454
Coro6,1288,231,0.0007699112928293045,0.0007762357606102355,0.5455953526452988,0.9713203549435454
Ufm1,1304,234,0.0007794754082681778,0.0007863167445142646,0.5489996278392164,0.9754238670728217
Ibtk,1516,272,0.0009061999378332496,0.0009140092072986324,0.5518623023499742,0.9789708032267987
Wdr62,1380,248,0.0008249049566028261,0.0008333613360664001,0.5588046548374449,0.9897323823923396
Btbd2,1692,304,0.0010114052076608566,0.001021539702274942,0.563612980854969,0.9966864919657511
Tmem173,1688,375,0.001009014178801138,0.0012601229880036292,0.9999524749615479,1.0
Dcaf12l1,1492,416,0.0008918537646749396,0.001397896434692026,0.9999999999999999,1.0
Tmem129,1664,335,0.0009946680056428282,0.001125709869283242,0.9807292644985829,1.0
Trim71,1768,366,0.001056834755995505,0.001229880036291542,0.9959094900401866,1.0
Ubac1,1532,280,0.0009157640532721229,0.0009408918310427098,0.6615503745193922,1.0
Tle2,1712,317,0.0010233603519594482,0.0010652239658590678,0.7441182203835652,1.0
Egr2,1372,252,0.0008201228988833895,0.0008468026479384388,0.6798645827777168,1.0
Efcab8,1904,460,0.0011381297372259284,0.0015457508652844518,0.9999999983794052,1.0
Trim7,1388,509,0.0008296870143222628,0.001710406935716926,1.0,1.0
Trim69,1236,362,0.000738827917652966,0.0012164387244195034,1.0,1.0
Trim68,1020,205,0.0006097123592281758,0.000688867233441984,0.9447796081319865,1.0
Trim67,1684,406,0.0010066231499414199,0.0013642931550119292,0.9999999833509132,1.0
Tnfsf11,1516,358,0.0009061999378332496,0.0012029974125474646,0.9999993502001351,1.0
Eed,1496,334,0.000894244793534658,0.0011223495413152324,0.9999164138097262,1.0
Dcaf13,1048,201,0.0006264495612462042,0.0006754259215699453,0.835991165915293,1.0
Tmem183a,1980,548,0.0011835592855605767,0.0018414597264693035,1.0,1.0
Tnf,1424,271,0.0008512062740597279,0.0009106488793306227,0.8459388517854984,1.0
Trim9,1492,386,0.0008918537646749396,0.0012970865956517356,0.9999999999795822,1.0
Daw1,1500,297,0.0008966358223943764,0.0009980174064988742,0.9543158194484199,1.0
Ttll8,1448,318,0.0008655524472180379,0.0010685842938270775,0.9996757078606713,1.0
Tle4,1248,338,0.0007460010042321211,0.001135790853187271,0.9999999999975556,1.0
Dcaf10,1236,227,0.000738827917652966,0.0007627944487381969,0.6708543959345664,1.0
Dbt,1744,316,0.0010424885828371948,0.0010618636378910582,0.6184293710976011,1.0
Dazap2,1408,289,0.0008416421586208546,0.0009711347827547969,0.986753274197999,1.0
Ttc3,2164,696,0.0012935466131076202,0.0023387882657347355,1.0,1.0
Tssc1,2204,440,0.0013174569017048035,0.0014785443059242582,0.9865138605556176,1.0
Tep1,1816,375,0.001085527102312125,0.0012601229880036292,0.9957720801154419,1.0
Trp53,1464,614,0.0008751165626569113,0.002063241372357942,1.0,1.0
Trip12,1128,286,0.000674270138440571,0.0009610537988507679,0.9999999633927822,1.0
Tradd,1320,305,0.0007890395237070511,0.0010249000302429516,0.9999818651334541,1.0
Dcaf11,1368,279,0.0008177318700236712,0.0009375315030747001,0.981406665847708,1.0
Tlr2,1808,431,0.0010807450445926882,0.001448301354212171,0.9999999791988913,1.0
Tlr4,1904,344,0.0011381297372259284,0.0011559528209953293,0.6046442476373749,1.0
Eml1,1460,371,0.000872725533797193,0.0012466816761315905,0.9999999996567032,1.0
Trim80,1304,283,0.0007794754082681778,0.0009509728149467388,0.998812075460661,1.0
Trim8,1060,309,0.0006336226478253592,0.0010383413421149903,0.9999999999999942,1.0
Trim75,1252,291,0.0007483920330918394,0.0009778554386908162,0.999981327705734,1.0
Dcaf17,1272,269,0.0007603471773904311,0.0009039282233946033,0.9950848130391068,1.0
Trim21,1640,405,0.000980321832484518,0.0013609328270439195,0.9999999985891436,1.0
Dcaf6,1636,314,0.0009779308036247999,0.0010551429819550388,0.8914594696904656,1.0
Dzip3,1884,378,0.0011261745929273365,0.0012702039719076582,0.9837402803466542,1.0
Tle1,1248,233,0.0007460010042321211,0.0007829564165462549,0.7510551866900637,1.0
Dennd3,856,192,0.0005116801759797241,0.0006451829698578581,0.9981959146994149,1.0
Det1,1424,340,0.0008512062740597279,0.0011425115091232905,0.9999995109315962,1.0
Trim30d,1468,327,0.0008775075915166296,0.0010988272455391647,0.9998867673770191,1.0
Dync1i2,1720,362,0.001028142409678885,0.0012164387244195034,0.9982115598264006,1.0
Trim30c,1264,286,0.0007555651196709944,0.0009610537988507679,0.9998852755316413,1.0
Diablo,1984,460,0.001185950314420295,0.0015457508652844518,0.9999998614523702,1.0
Trim30a,1756,349,0.00104966166941635,0.0011727544608353775,0.9708890697967937,1.0
Trim12a,1584,600,0.0009468474284484614,0.0020161967808058068,1.0,1.0
Ddx58,936,202,0.0005595007531740908,0.0006787862495379549,0.9937141827084813,1.0
Trim12c,1944,394,0.0011620400258231117,0.001323969219395813,0.9909685571278273,1.0
Trim28,1832,456,0.0010950912177509983,0.001532309553412413,0.9999999999452128,1.0
Trim13,1300,447,0.0007770843794084594,0.0015020666017003259,1.0,1.0
Dpysl2,1556,359,0.000930110226430433,0.0012063577405154744,0.9999958301763632,1.0
Trim27,1708,331,0.0010209693230997297,0.0011122685574112034,0.923260296537419,1.0
Trim16,1280,292,0.0007651292351098678,0.000981215766658826,0.999940211993992,1.0
Trim26,1456,272,0.0008703345049374746,0.0009140092072986324,0.7708483974361364,1.0
Trim25,1204,280,0.0007196996867752193,0.0009408918310427098,0.9999747038687941,1.0
Dmxl1,812,164,0.00048537885852282235,0.0005510937867535872,0.9311678464734695,1.0
Thoc3,1636,304,0.0009779308036247999,0.001021539702274942,0.7577027221992143,1.0
Dok3,1424,344,0.0008512062740597279,0.0011559528209953293,0.9999998440441511,1.0
Dido1,1364,391,0.0008153408411639528,0.001313888235491784,1.0,1.0
Dcaf4,1428,305,0.0008535973029194462,0.0010249000302429516,0.9981620335019015,1.0
Traf7,1680,306,0.0010042321210817014,0.0010282603582109614,0.6482594620910476,1.0
Trim35,1612,329,0.0009635846304664897,0.001105547901475184,0.9885380111416643,1.0
Ecel1,1304,263,0.0007794754082681778,0.0008837662555865452,0.9685324656719866,1.0
Dcaf7,1852,497,0.00110704636204959,0.00167008300010081,0.9999999999999999,1.0
Trim58,1460,265,0.000872725533797193,0.0008904869115225646,0.6186241718714248,1.0
Trim56,1540,380,0.0009205461109915596,0.0012769246278436775,0.9999999953057124,1.0
Trim55,1064,221,0.0006360136766850776,0.0007426324809301388,0.9821039469205678,1.0
Dcaf8,1528,320,0.0009133730244124047,0.001075304949763097,0.9960823241220881,1.0
Dpf1,1500,288,0.0008966358223943764,0.0009677744547867872,0.8825020253516891,1.0
Dcst1,1324,262,0.0007914305525667694,0.0008804059276185356,0.9426056384150697,1.0
Dcun1d2,1124,203,0.0006718791095808526,0.0006821465775059646,0.5788449481483843,1.0
Traf3ip2,1428,264,0.0008535973029194462,0.000887126583554555,0.7174839936795749,1.0
Trim34b,1268,248,0.0007579561485307127,0.0008333613360664001,0.9141858612734869,1.0
Trim47,788,156,0.00047103268536451235,0.0005242111630095098,0.8890554686007364,1.0
Trim45,1896,492,0.0011333476795064917,0.0016532813602607615,0.9999999999999708,1.0
Traf4,1340,390,0.0008009946680056428,0.0013105279075237744,1.0,1.0
Dcun1d3,1904,405,0.0011381297372259284,0.0013609328270439195,0.9994688532346361,1.0
Trim41,1412,368,0.0008440331874805728,0.0012366006922275613,0.9999999999745389,1.0
Trim40,1376,277,0.0008225139277431079,0.0009308108471386807,0.9699609483479033,1.0
Trim39,2072,600,0.0012385529493340985,0.0020161967808058068,1.0,1.0
Dda1,1184,227,0.0007077445424766277,0.0007627944487381969,0.8495292177334888,1.0
Traf5,1584,526,0.0009468474284484614,0.0017675325111730904,1.0,1.0
Traf6,1460,364,0.000872725533797193,0.0012231593803555226,0.999999996525911,1.0
Trim36,1252,232,0.0007483920330918394,0.0007795960885782452,0.7162535494726437,1.0
Trim46,1332,295,0.0007962126102862061,0.000991296750562855,0.999679832064846,1.0
Trim52,1436,273,0.000858379360638883,0.000917369535266642,0.8430963174581504,1.0
Usp28,1768,442,0.001056834755995505,0.0014852649618602777,0.9999999999378151,1.0
D7Ertd443e,1588,299,0.0009492384573081797,0.0010047380624348937,0.8164451994212556,1.0
Zbtb18,1136,213,0.0006790521961600077,0.0007157498571860614,0.7596649742853684,1.0
Zbtb17,1020,252,0.0006097123592281758,0.0008468026479384388,0.9999986472055892,1.0
Zbtb16,1020,204,0.0006097123592281758,0.0006855069054739742,0.9368771345221257,1.0
Zbtb14,1780,380,0.0010640078425746598,0.0012769246278436775,0.9993900969311758,1.0
Zbtb10,1304,317,0.0007794754082681778,0.0010652239658590678,0.9999997275278169,1.0
Asb1,1580,301,0.000944456399588743,0.001011458718370913,0.862266734241159,1.0
Asb15,1812,416,0.0010831360734524067,0.001397896434692026,0.9999987477674291,1.0
Wwtr1,1240,285,0.0007412189465126844,0.0009576934708827582,0.9999543824108748,1.0
Asb2,1372,305,0.0008201228988833895,0.0010249000302429516,0.9997920404271773,1.0
Wsb2,1368,283,0.0008177318700236712,0.0009509728149467388,0.9896850627701884,1.0
Asb3,1656,633,0.0009898859479233915,0.002127087603750126,1.0,1.0
Wrap73,1820,333,0.0010879181311718431,0.0011189892133472226,0.6817991639072742,1.0
Wrap53,1328,256,0.0007938215814264878,0.0008602439598104775,0.8806086830469952,1.0
Arpc1b,1624,526,0.0009707577170456447,0.0017675325111730904,1.0,1.0
Asb6,1096,313,0.0006551419075628243,0.001051782653987029,0.9999999999999561,1.0
Atg16l1,2020,644,0.00120746957415776,0.0021640512113982324,1.0,1.0
Wdsub1,1248,302,0.0007460010042321211,0.0010148190463389226,0.9999992807361912,1.0
Wdr95,2176,456,0.0013007196996867752,0.001532309553412413,0.9992817906169488,1.0
Wdr92,1420,335,0.0008488152452000095,0.001125709869283242,0.9999984621102078,1.0
Wdr91,1464,299,0.0008751165626569113,0.0010047380624348937,0.9853406458621129,1.0
Wdr90,1484,314,0.0008870717069555029,0.0010551429819550388,0.9974287852040471,1.0
Atg5,1228,380,0.0007340458599335295,0.0012769246278436775,1.0,1.0
Wdr81,2244,497,0.001341367190301987,0.00167008300010081,0.9999953572758441,1.0
Bid,1788,480,0.0010687899002940965,0.0016129574246446453,0.9999999999999997,1.0
Birc2,1616,388,0.0009659756593262081,0.001303807251587755,0.999999950198475,1.0
Brap,1716,577,0.0010257513808191664,0.001938909237541584,1.0,1.0
Brwd3,1376,318,0.0008225139277431079,0.0010685842938270775,0.9999877973411445,1.0
Btbd1,1104,474,0.000659923965282261,0.0015927954568365872,1.0,1.0
Whsc1l1,1700,446,0.001016187265380293,0.0014987062737323164,0.9999999999999033,1.0
Zbtb21,1536,459,0.0009181550821318413,0.001542390537316442,1.0,1.0
Zbtb22,1372,370,0.0008201228988833895,0.0012433213481635808,0.9999999999995891,1.0
Zbtb24,1620,320,0.0009683666881859264,0.001075304949763097,0.9567291427334352,1.0
4930595M18Rik,1900,449,0.00113573870836621,0.0015087872576363453,0.9999999724669895,1.0
Acaca,1568,302,0.000937283313009588,0.0010148190463389226,0.8971914356174582,1.0
Zmiz1,1524,296,0.0009109819955526863,0.0009946570785308647,0.9169045654485986,1.0
Zfp91,1560,316,0.0009325012552901514,0.0010618636378910582,0.9825001541171361,1.0
Zfp651,1604,367,0.000958802572747053,0.0012332403642595518,0.9999936088274722,1.0
Ahctf1,1668,344,0.0009970590345025464,0.0011559528209953293,0.9938025855142254,1.0
Zfp512b,1436,431,0.000858379360638883,0.001448301354212171,1.0,1.0
Akt1,1536,287,0.0009181550821318413,0.0009644141268187775,0.7778063459573519,1.0
Ambra1,1488,382,0.0008894627358152213,0.001283645283779697,0.9999999999381486,1.0
Amfr,1468,298,0.0008775075915166296,0.001001377734466884,0.9812700310705909,1.0
Anapc5,1164,318,0.000695789398178036,0.0010685842938270775,0.9999999999959076,1.0
Zbtb8b,1596,389,0.0009540205150276163,0.0013071675795557646,0.9999999890023342,1.0
Zbtb8a,1064,255,0.0006360136766850776,0.0008568836318424678,0.9999911648364089,1.0
Zbtb7b,1580,306,0.000944456399588743,0.0010282603582109614,0.9134363234662544,1.0
Zbtb7a,1092,424,0.000652750878703106,0.0014247790584361033,1.0,1.0
Ankfy1,1556,360,0.000930110226430433,0.001209718068483484,0.9999967479796151,1.0
Zbtb49,1484,371,0.0008870717069555029,0.0012466816761315905,0.9999999981153539,1.0
Zbtb48,1988,402,0.0011883413432800134,0.0013508518431398905,0.9905345825828294,1.0
Ar,1004,216,0.0006001482437893025,0.0007258308410900904,0.9944520686054313,1.0
Zbtb44,1256,231,0.0007507830619515578,0.0007762357606102355,0.6793550470149536,1.0
Zbtb43,1192,346,0.0007125266001960644,0.0011626734769313485,0.9999999999999998,1.0
Zbtb42,1496,309,0.000894244793534658,0.0010383413421149903,0.9916717060898852,1.0
Zbtb41,1732,320,0.0010353154962580398,0.001075304949763097,0.7334245545014286,1.0
Arel1,1280,254,0.0007651292351098678,0.0008535233038744582,0.9444242379708838,1.0
Arih1,1376,288,0.0008225139277431079,0.0009677744547867872,0.9940251944495456,1.0
Zbtb39,1332,387,0.0007962126102862061,0.0013004469236197454,1.0,1.0
Armc8,1248,243,0.0007460010042321211,0.0008165596962263516,0.9014401772991976,1.0
Zbtb3,1028,243,0.0006144944169476125,0.0008165596962263516,0.9999683851548679,1.0
Zbtb25,1216,302,0.0007268727733543744,0.0010148190463389226,0.9999999088940211,1.0
Wdr7,1592,300,0.0009516294861678981,0.0010080983904029034,0.8202819772739951,1.0
Wdr64,1104,284,0.000659923965282261,0.0009543331429147485,0.9999999878151242,1.0
Btbd7,1192,226,0.0007125266001960644,0.0007594341207701872,0.8103644174433551,1.0
Btbd8,1100,224,0.0006575329364225426,0.0007527134648341678,0.967573991315277,1.0
Wdfy3,1452,470,0.0008679434760777562,0.0015793541449645484,1.0,1.0
Wdfy1,1608,290,0.0009611936016067714,0.0009744951107228065,0.5853231491832832,1.0
Cntn4,1692,471,0.0010114052076608566,0.0015827144729325582,1.0,1.0
Vldlr,1284,262,0.0007675202639695861,0.0008804059276185356,0.9786443182018311,1.0
Vdr,1596,287,0.0009540205150276163,0.0009644141268187775,0.5671336699843584,1.0
Coro2a,1620,297,0.0009683666881859264,0.0009980174064988742,0.6836961955342657,1.0
Utp15,1628,389,0.000973148745905363,0.0013071675795557646,0.9999999240892197,1.0
Eml4,1412,310,0.0008440331874805728,0.001041701670083,0.9996137469482419,1.0
Usp15,1312,239,0.0007842574659876145,0.0008031183843543129,0.6323354080611748,1.0
Cpne1,1200,326,0.000717308657915501,0.001095466917571155,0.9999999999958421,1.0
Uhrf2,1976,362,0.0011811682567008583,0.0012164387244195034,0.6967178083436655,1.0
Uhrf1,1152,218,0.000688616311598881,0.0007325514970261097,0.7989336830260181,1.0
Ufl1,1244,684,0.0007436099753724027,0.0022984643301186196,1.0,1.0
Ubr7,1296,245,0.0007746933505487411,0.000823280352162371,0.8088444239206795,1.0
Ubr5,980,337,0.0005858020706309926,0.0011324305252192613,1.0,1.0
Cpne9,1412,425,0.0008440331874805728,0.001428139386404113,1.0,1.0
Ubr2,1156,246,0.0006910073404585993,0.0008266406801303807,0.9947177348307416,1.0
Crebbp,1588,441,0.0009492384573081797,0.001481904633892268,1.0,1.0
Ubox5,1380,266,0.0008249049566028261,0.0008938472394905743,0.8848325143831749,1.0
Cry1,1432,281,0.0008559883317791646,0.0009442521590107194,0.933883917908341,1.0
Cstf1,1484,312,0.0008870717069555029,0.0010484223260190195,0.996401462321273,1.0
Ube3c,1692,397,0.0010114052076608566,0.001334050203299842,0.9999996877475105,1.0
Ctnnb1,1104,299,0.000659923965282261,0.0010047380624348937,0.9999999999592131,1.0
Cul2,1188,291,0.000710135571336346,0.0009778554386908162,0.9999995530726389,1.0
Cul3,1484,281,0.0008870717069555029,0.0009442521590107194,0.8316644942081406,1.0
Cul4b,1272,604,0.0007603471773904311,0.0020296380926778453,1.0,1.0
Cul5,1308,263,0.0007818664371278961,0.0008837662555865452,0.9652151232708923,1.0
Cul7,1736,577,0.001037706525117758,0.001938909237541584,1.0,1.0
Ube2f,1888,438,0.001128565621787055,0.001471823649988239,0.9999997480257466,1.0
Wdfy4,1160,242,0.0006933983693183177,0.000813199368258342,0.9880375076777772,1.0
Dab1,1200,254,0.000717308657915501,0.0008535233038744582,0.9941562202580244,1.0
Cish,1164,336,0.000695789398178036,0.0011290701972512518,0.9999999999999986,1.0
Wdr11,1764,324,0.0010544437271357864,0.0010887462616351357,0.7019279852887346,1.0
Wdr60,1624,350,0.0009707577170456447,0.0011761147888033872,0.999448559914838,1.0
Wdr6,1668,378,0.0009970590345025464,0.0012702039719076582,0.9999899137972417,1.0
Wdr5b,776,195,0.00046385959878535735,0.0006552639537618872,0.9999927142689856,1.0
Wdr59,1556,356,0.000930110226430433,0.0011962767566114452,0.9999913443970078,1.0
Btbd9,1712,314,0.0010233603519594482,0.0010551429819550388,0.6909240872056637,1.0
Btrc,1436,276,0.000858379360638883,0.0009274505191706711,0.8806747192687492,1.0
Bub3,1460,270,0.000872725533797193,0.000907288551362613,0.7212565600226012,1.0
Cacybp,1748,330,0.0010448796116969133,0.0011089082294431936,0.8392984759745354,1.0
Cbl,1396,634,0.0008344690720416995,0.0021304479317181355,1.0,1.0
Wdr48,1348,396,0.0008057767257250796,0.0013306898753318323,1.0,1.0
Cblb,1388,379,0.0008296870143222628,0.001273564299875668,0.9999999999999547,1.0
Cblc,1576,351,0.0009420653707290247,0.001179475116771397,0.9999326854223041,1.0
Wdr45,1504,397,0.0008990268512540946,0.001334050203299842,0.9999999999990615,1.0
Cbll1,1424,345,0.0008512062740597279,0.0011593131489633388,0.9999998836127054,1.0
Wdr41,1464,456,0.0008751165626569113,0.001532309553412413,1.0,1.0
Wdr38,1488,275,0.0008894627358152213,0.0009240901912026614,0.7197674648331914,1.0
Ccdc40,1280,236,0.0007651292351098678,0.000793037400450284,0.6935492032940953,1.0
Ccin,1408,269,0.0008416421586208546,0.0009039282233946033,0.8585064796955792,1.0
Ccnf,1636,351,0.0009779308036247999,0.001179475116771397,0.9992930858990018,1.0
Cdc26,1592,350,0.0009516294861678981,0.0011761147888033872,0.9998384491316366,1.0
Cdca3,1288,289,0.0007699112928293045,0.0009711347827547969,0.9998260254902926,1.0
Cdkn1b,1272,318,0.0007603471773904311,0.0010685842938270775,0.9999999757095622,1.0
Cdkn2a,1564,408,0.0009348922841498696,0.0013710138109479485,0.9999999999979393,1.0
Wdr26,1160,266,0.0006933983693183177,0.0008938472394905743,0.9999104084813358,1.0
Cfap44,1180,238,0.0007053535136169093,0.0007997580563863033,0.9615972379934937,1.0
Cfap57,2000,495,0.0011955144298591684,0.0016633623441647905,0.9999999999811555,1.0
Wdr20,1492,329,0.0008918537646749396,0.001105547901475184,0.9997960856202095,1.0
Cgrrf1,1116,252,0.0006670970518614159,0.0008468026479384388,0.9996975234524195,1.0
Chd3,1324,272,0.0007914305525667694,0.0009140092072986324,0.9848372892965874,1.0
Chfr,1532,283,0.0009157640532721229,0.0009509728149467388,0.7201847466805779,1.0
Ep300,1432,384,0.0008559883317791646,0.0012903659397157162,0.9999999999996887,1.0
Fbxl7,1576,314,0.0009420653707290247,0.0010551429819550388,0.9668299790473003,1.0
Tdpoz2,1540,301,0.0009205461109915596,0.001011458718370913,0.9326351743829706,1.0
Kdm5c,2260,526,0.0013509313057408602,0.0017675325111730904,0.9999999874758219,1.0
Kif21a,1028,225,0.0006144944169476125,0.0007560737928021775,0.997621096938997,1.0
Klhl13,1532,283,0.0009157640532721229,0.0009509728149467388,0.7201847466805779,1.0
Klhl14,1224,315,0.0007316548310738111,0.0010585033099230485,0.9999999979597548,1.0
Klhl18,1452,402,0.0008679434760777562,0.0013508518431398905,0.9999999999999988,1.0
Klhl20,1372,308,0.0008201228988833895,0.0010349810141469808,0.999892299250681,1.0
Ptpn1,1248,367,0.0007460010042321211,0.0012332403642595518,1.0,1.0
Klhl21,1136,213,0.0006790521961600077,0.0007157498571860614,0.7596649742853684,1.0
Klhl23,1520,580,0.000908590966692968,0.001948990221445613,1.0,1.0
Klhl24,1444,308,0.0008631614183583195,0.0010349810141469808,0.9981201353768062,1.0
Preb,1012,213,0.0006049303015087393,0.0007157498571860614,0.9872833202344491,1.0
Klhl29,1300,323,0.0007770843794084594,0.001085385933667126,0.9999999670205675,1.0
Ppp2r2d,1328,263,0.0007938215814264878,0.0008837662555865452,0.9442744699904249,1.0
Klhl3,996,226,0.0005953661860698658,0.0007594341207701872,0.9995378417885289,1.0
Ppp1r11,1540,332,0.0009205461109915596,0.001115628885379213,0.9992708891388368,1.0
Klhl30,1268,295,0.0007579561485307127,0.000991296750562855,0.999984507386894,1.0
Pparg,1548,457,0.0009253281687109963,0.0015356698813804228,1.0,1.0
Klhl32,1344,298,0.0008033856968653612,0.001001377734466884,0.9997186313088058,1.0
Klhl35,1220,288,0.0007292638022140927,0.0009677744547867872,0.9999927222405302,1.0
Klhl36,1212,305,0.000724481744494656,0.0010249000302429516,0.9999999740053436,1.0
Klhl38,1260,373,0.000753174090811276,0.0012534023320676098,1.0,1.0
Klhl4,1584,410,0.0009468474284484614,0.001377734466883968,0.9999999999951836,1.0
Plaa,1220,286,0.0007292638022140927,0.0009610537988507679,0.9999875633036011,1.0
Pja1,1664,330,0.0009946680056428282,0.0011089082294431936,0.9645425588767518,1.0
Klhl40,1352,310,0.0008081677545847978,0.001041701670083,0.9999736777267821,1.0
Pik3r4,1756,414,0.00104966166941635,0.0013911757787560066,0.9999998864398385,1.0
Pias4,1620,368,0.0009683666881859264,0.0012366006922275613,0.9999891623532967,1.0
Klhl6,1992,652,0.0011907323721397317,0.00219093383514231,1.0,1.0
Klhl7,1284,464,0.0007675202639695861,0.0015591921771564905,1.0,1.0
Kdm4a,1660,385,0.0009922769767831097,0.001293726267683726,0.9999987360661643,1.0
Kdm2a,1684,331,0.0010066231499414199,0.0011122685574112034,0.9516864285643721,1.0
Raf1,1824,469,0.0010903091600315616,0.001575993816996539,0.9999999999995985,1.0
Ranbp2,1152,258,0.000688616311598881,0.0008669646157464969,0.9995994937227319,1.0
Ing4,1288,334,0.0007699112928293045,0.0011223495413152324,0.9999999996735086,1.0
Ing5,1332,331,0.0007962126102862061,0.0011122685574112034,0.999999977594941,1.0
Ints12,1544,590,0.000922937139851278,0.00198259350112571,1.0,1.0
Rnf10,1592,341,0.0009516294861678981,0.0011458718370913,0.99909206174826,1.0
Rmnd5a,1560,488,0.0009325012552901514,0.0016398400483887228,1.0,1.0
Rictor,1292,243,0.0007723023216890227,0.0008165596962263516,0.7873752698356158,1.0
Irf2bpl,1552,402,0.0009277191975707147,0.0013508518431398905,0.9999999999929731,1.0
Isg15,1088,206,0.0006503598498433876,0.0006922275614099936,0.7943159609836767,1.0
Rhobtb1,1668,368,0.0009970590345025464,0.0012366006922275613,0.9999107638756988,1.0
Jade1,1124,256,0.0006718791095808526,0.0008602439598104775,0.9998275306911393,1.0
Jun,1696,484,0.0010137962365205748,0.001626398736516684,1.0,1.0
Junb,1532,323,0.0009157640532721229,0.001085385933667126,0.9972829329857166,1.0
Rfwd2,1280,298,0.0007651292351098678,0.001001377734466884,0.9999865323293194,1.0
Rfpl4b,1888,403,0.001128565621787055,0.0013542121711079002,0.9995630278896701,1.0
Phrf1,1584,321,0.0009468474284484614,0.0010786652777311065,0.9834958329599363,1.0
Kat2b,1196,293,0.0007149176290557828,0.0009845760946268355,0.9999995943293397,1.0
Kbtbd13,1556,330,0.000930110226430433,0.0011089082294431936,0.9981715841184485,1.0
Rela,864,224,0.0005164622336991608,0.0007527134648341678,0.9999997848722637,1.0
Rchy1,1612,404,0.0009635846304664897,0.0013575724990759098,0.9999999997076577,1.0
Kbtbd3,1116,289,0.0006670970518614159,0.0009711347827547969,0.9999999948345205,1.0
Rcbtb1,1248,314,0.0007460010042321211,0.0010551429819550388,0.9999999831689655,1.0
Rc3h2,968,229,0.0005786289840518375,0.0007695151046742163,0.999950715961387,1.0
Rc3h1,996,245,0.0005953661860698658,0.000823280352162371,0.9999975185239747,1.0
Kbtbd4,2052,450,0.0012265978050355069,0.001512147585604355,0.9999721729208084,1.0
Kbtbd8,1756,327,0.00104966166941635,0.0010988272455391647,0.7765188181217226,1.0
Kctd11,1076,243,0.0006431867632642327,0.0008165596962263516,0.9996233237893669,1.0
Rbbp5,1456,372,0.0008703345049374746,0.0012500420040996,0.9999999998184997,1.0
Kctd13,952,350,0.0005690648686129642,0.0011761147888033872,1.0,1.0
Kctd21,1288,270,0.0007699112928293045,0.000907288551362613,0.9929887380520868,1.0
Kctd3,1216,223,0.0007268727733543744,0.0007493531368661582,0.662132744753974,1.0
Katnb1,1240,379,0.0007412189465126844,0.001273564299875668,1.0,1.0
Kmt2b,1412,311,0.0008440331874805728,0.0010450619980510098,0.9996853162625242,1.0
Kmt2c,1028,204,0.0006144944169476125,0.0006855069054739742,0.9233463720350182,1.0
LOC100861784,1764,432,0.0010544437271357864,0.0014516616821801808,0.9999999989123047,1.0
Nup62,1244,326,0.0007436099753724027,0.001095466917571155,0.9999999998172636,1.0
Nup43,1344,386,0.0008033856968653612,0.0012970865956517356,1.0,1.0
March3,1756,374,0.00104966166941635,0.0012567626600356195,0.9992323267922026,1.0
Ntrk1,1576,386,0.0009420653707290247,0.0012970865956517356,0.9999999923455157,1.0
March4,1144,218,0.0006838342538794443,0.0007325514970261097,0.8242624968114382,1.0
March6,1196,412,0.0007149176290557828,0.0013844551228199872,1.0,1.0
Nsmaf,2000,490,0.0011955144298591684,0.001646560704324742,0.9999999999124871,1.0
Nrip1,1572,402,0.0009396743418693063,0.0013508518431398905,0.9999999999677918,1.0
Nr4a1,1368,311,0.0008177318700236712,0.0010450619980510098,0.9999550198990632,1.0
March8,1808,406,0.0010807450445926882,0.0013642931550119292,0.999989515124867,1.0
Zpbp2,1900,475,0.00113573870836621,0.0015961557848045969,0.999999999987213,1.0
Mavs,1472,413,0.0008798986203763479,0.001387815450787997,0.9999999999999999,1.0
Mei4,1360,380,0.0008129498123042345,0.0012769246278436775,0.999999999999998,1.0
Nosip,1300,269,0.0007770843794084594,0.0009039282233946033,0.9881005469148566,1.0
Nwd1,1768,386,0.001056834755995505,0.0012970865956517356,0.9998711588310484,1.0
Mgrn1,1276,265,0.0007627382062501494,0.0008904869115225646,0.9891922486065441,1.0
Mib1,1448,303,0.0008655524472180379,0.0010181793743069324,0.9949837543492097,1.0
Mib2,1764,348,0.0010544437271357864,0.0011693941328673677,0.9612858608952579,1.0
Nhlrc1,1220,341,0.0007292638022140927,0.0011458718370913,0.9999999999999508,1.0
Mid2,1440,265,0.0008607703894986013,0.0008904869115225646,0.6942761166869373,1.0
Nf1,1320,569,0.0007890395237070511,0.0019120266137975066,1.0,1.0
Mlst8,1364,303,0.0008153408411639528,0.0010181793743069324,0.999773250163337,1.0
Neurl3,1324,269,0.0007914305525667694,0.0009039282233946033,0.9766805325374568,1.0
Msx1,1268,298,0.0007579561485307127,0.001001377734466884,0.9999929381037888,1.0
Mtf2,1344,284,0.0008033856968653612,0.0009543331429147485,0.9958636784727197,1.0
Mul1,1536,350,0.0009181550821318413,0.0011761147888033872,0.9999862418880534,1.0
Nedd4l,992,193,0.0005929751572101475,0.0006485432978258678,0.8727142408932171,1.0
Mylip,1692,312,0.0010114052076608566,0.0010484223260190195,0.7203032782503153,1.0
Nacc2,1728,398,0.0010329244673983216,0.0013374105312678518,0.9999984338096126,1.0
Ndn,1572,294,0.0009396743418693063,0.0009879364225948452,0.7848514654463852,1.0
Nol10,1180,229,0.0007053535136169093,0.0007695151046742163,0.8861846126330648,1.0
Ing2,1528,311,0.0009133730244124047,0.0010450619980510098,0.9849109262347856,1.0
March2,1516,297,0.0009061999378332496,0.0009980174064988742,0.9360210966940944,1.0
Ostm1,1048,210,0.0006264495612462042,0.0007056688732820323,0.9425372499937573,1.0
Phf2,1980,526,0.0011835592855605767,0.0017675325111730904,0.9999999999999999,1.0
LOC102637711,1492,322,0.0008918537646749396,0.0010820256056991162,0.9991889789114968,1.0
Phf10,1904,372,0.0011381297372259284,0.0012500420040996,0.9511502641664801,1.0
Ldlr,1320,271,0.0007890395237070511,0.0009106488793306227,0.9843036214802852,1.0
Pgr,1100,223,0.0006575329364225426,0.0007493531368661582,0.9626063814965117,1.0
Lif,1636,299,0.0009779308036247999,0.0010047380624348937,0.6664754985372782,1.0
Lonrf1,1080,263,0.0006455777921239509,0.0008837662555865452,0.9999977572361745,1.0
Lonrf3,1924,469,0.00115008488152452,0.001575993816996539,0.999999999604936,1.0
Pex10,1348,544,0.0008057767257250796,0.0018280184145972648,1.0,1.0
Lrch2,1376,382,0.0008225139277431079,0.001283645283779697,0.9999999999999959,1.0
Peli3,1496,316,0.000894244793534658,0.0010618636378910582,0.9972791325814923,1.0
Peli2,1312,402,0.0007842574659876145,0.0013508518431398905,1.0,1.0
Lrp8,1700,350,0.001016187265380293,0.0011761147888033872,0.9936764615368461,1.0
Lrrc31,1208,391,0.0007220907156349377,0.001313888235491784,1.0,1.0
Omd,1220,266,0.0007292638022140927,0.0008938472394905743,0.9987092100673005,1.0
Lrrc41,916,272,0.0005475456088754991,0.0009140092072986324,0.9999999999999691,1.0
Lrrc57,1304,343,0.0007794754082681778,0.0011525924930273195,0.999999999957005,1.0
Pcif1,1400,310,0.0008368601009014179,0.001041701670083,0.9997644526261309,1.0
Lrrk2,1432,269,0.0008559883317791646,0.0009039282233946033,0.7940347516479591,1.0
Lrwd1,1660,306,0.0009922769767831097,0.0010282603582109614,0.7166415222681115,1.0
Ltn1,1148,246,0.0006862252827391626,0.0008266406801303807,0.9960287729329483,1.0
Pax6,1092,245,0.000652750878703106,0.000823280352162371,0.9995021835897495,1.0
Lztr1,1660,319,0.0009922769767831097,0.0010719446217950872,0.8969251792097808,1.0
Maea,1360,283,0.0008129498123042345,0.0009509728149467388,0.9918825377520731,1.0
Mapk14,1924,437,0.00115008488152452,0.0014684633220202292,0.9999981357472904,1.0
Mapk7,2316,499,0.001384405709776917,0.0016768036560368292,0.9999501412794549,1.0
Mapk8,1160,231,0.0006933983693183177,0.0007762357606102355,0.9415244123682992,1.0
Pafah1b1,1136,321,0.0006790521961600077,0.0010786652777311065,0.9999999999999263,1.0
March10,1072,249,0.0006407957344045143,0.0008367216640344097,0.999929043226798,1.0
March11,1164,289,0.000695789398178036,0.0009711347827547969,0.9999998289230533,1.0
Pdlim2,1580,331,0.000944456399588743,0.0011122685574112034,0.9966346515960457,1.0
Fancl,1500,270,0.0008966358223943764,0.000907288551362613,0.5709281626643972,1.0
Rnf113a1,1456,291,0.0008703345049374746,0.0009778554386908162,0.9653052193011052,1.0
Rnf114,1444,261,0.0008631614183583195,0.0008770455996505259,0.5938081191594564,1.0
Socs1,1404,486,0.0008392511297611362,0.0016331193924527033,1.0,1.0
Fbxo42,1752,660,0.0010472706405566315,0.0022178164588863873,1.0,1.0
Snai1,1200,255,0.000717308657915501,0.0008568836318424678,0.9950992549616255,1.0
Smyd1,948,202,0.0005666738397532458,0.0006787862495379549,0.9901848827875902,1.0
Smurf2,1524,309,0.0009109819955526863,0.0010383413421149903,0.9821311417580121,1.0
Smurf1,1676,321,0.0010018410922219831,0.0010786652777311065,0.887549904291846,1.0
Smad7,1264,255,0.0007555651196709944,0.0008568836318424678,0.9667434168772854,1.0
Smad3,1680,332,0.0010042321210817014,0.001115628885379213,0.96021467334551,1.0
Smad2,1396,568,0.0008344690720416995,0.001908666285829497,1.0,1.0
Fbxo45,1860,410,0.0011118284197690266,0.001377734466883968,0.9999592840118142,1.0
Fbxo48,780,154,0.0004662506276450757,0.0005174905070734904,0.8816491962708346,1.0
Fbxw15,1496,310,0.000894244793534658,0.001041701670083,0.9928444160844421,1.0
Siah3,1180,243,0.0007053535136169093,0.0008165596962263516,0.9812738406086502,1.0
Fbxw4,1648,340,0.0009851038902039548,0.0011425115091232905,0.9936523357837104,1.0
Siah1b,1120,241,0.0006694880807211343,0.0008098390402903323,0.9963761130196389,1.0
Siah1a,1312,238,0.0007842574659876145,0.0007997580563863033,0.6094582558536553,1.0
Siah1-ps2,1388,431,0.0008296870143222628,0.001448301354212171,1.0,1.0
Siah1-ps1,1476,293,0.0008822896492360662,0.0009845760946268355,0.9569835580982822,1.0
Fbxw5,1612,339,0.0009635846304664897,0.0011391511811552808,0.9974913282784205,1.0
Fbxw7,1740,315,0.0010400975539774765,0.0010585033099230485,0.6128020358266337,1.0
Fem1b,2044,421,0.0012218157473160701,0.0014146980745320743,0.9969546030711364,1.0
Sh3gl2,1248,262,0.0007460010042321211,0.0008804059276185356,0.9926848918571539,1.0
Fem1c,1360,369,0.0008129498123042345,0.001239961020195571,0.9999999999997901,1.0
Sec31b,1416,267,0.0008464242163402912,0.0008972075674585839,0.8088861655052274,1.0
Sec31a,1284,297,0.0007675202639695861,0.0009980174064988742,0.9999786035566354,1.0
Sdc1,1932,363,0.0011548669392439568,0.001219799052387513,0.8306919371232641,1.0
Scnn1a,2456,493,0.001468091719867059,0.0016566416882287712,0.9928901425359004,1.0
Fmr1,1556,309,0.000930110226430433,0.0010383413421149903,0.9615657237236216,1.0
Foxo3,1184,317,0.0007077445424766277,0.0010652239658590678,0.9999999999631377,1.0
Fbxo40,1648,324,0.0009851038902039548,0.0010887462616351357,0.9502811594321092,1.0
Socs4,1488,340,0.0008894627358152213,0.0011425115091232905,0.9999852933265903,1.0
Socs5,1476,272,0.0008822896492360662,0.0009140092072986324,0.70386343726564,1.0
Socs6,1284,312,0.0007675202639695861,0.0010484223260190195,0.9999996532823756,1.0
Fasn,1476,342,0.0008822896492360662,0.0011492321650593098,0.9999950523262275,1.0
Fbxl13,2088,486,0.001248117064772972,0.0016331193924527033,0.9999999578884219,1.0
Fbxl14,1668,301,0.0009970590345025464,0.001011458718370913,0.5905980183673389,1.0
Fbxl20,1276,246,0.0007627382062501494,0.0008266406801303807,0.8761959219944988,1.0
Tbl1x,1332,259,0.0007962126102862061,0.0008703249437145065,0.9051602699329262,1.0
Fbxl3,1336,241,0.0007986036391459245,0.0008098390402903323,0.5791451403630162,1.0
Fbxl4,1252,331,0.0007483920330918394,0.0011122685574112034,0.9999999999460951,1.0
Fbxl5,1732,328,0.0010353154962580398,0.0011021875735071744,0.8508588344047384,1.0
Taf5l,1304,384,0.0007794754082681778,0.0012903659397157162,1.0,1.0
Taf5,1416,258,0.0008464242163402912,0.0008669646157464969,0.6384708782110671,1.0
Tab1,1500,293,0.0008966358223943764,0.0009845760946268355,0.928679590078975,1.0
Fbxl6,1432,296,0.0008559883317791646,0.0009946570785308647,0.9907323030370361,1.0
Syk,2020,411,0.00120746957415776,0.0013810947948519775,0.9935441354949672,1.0
Sumo1,1224,228,0.0007316548310738111,0.0007661547767062065,0.7386081877111071,1.0
Fus,1420,316,0.0008488152452000095,0.0010618636378910582,0.9998465790706348,1.0
Stxbp5l,1400,313,0.0008368601009014179,0.001051782653987029,0.9998765952602587,1.0
Stub1,1284,282,0.0007675202639695861,0.0009476124869787292,0.9993416562875601,1.0
Strn4,1496,279,0.000894244793534658,0.0009375315030747001,0.7658558366841062,1.0
Strn3,1384,332,0.0008272959854625445,0.001115628885379213,0.9999995521733654,1.0
Nbeal2,1504,307,0.0008990268512540946,0.001031620686178971,0.9860763870160756,1.0
Strap,1408,276,0.0008416421586208546,0.0009274505191706711,0.9300301570211038,1.0
Fbxl8,1232,282,0.0007364368887932477,0.0009476124869787292,0.999936147741064,1.0
Fbxo10,1256,273,0.0007507830619515578,0.000917369535266642,0.9986813382061964,1.0
Fbxo15,1968,379,0.0011763861989814218,0.001273564299875668,0.9216380935844986,1.0
Spsb4,996,205,0.0005953661860698658,0.000688867233441984,0.9715612264240737,1.0
Spsb2,1184,219,0.0007077445424766277,0.0007359118249941195,0.7022156420134962,1.0
Fbxo2,1764,469,0.0010544437271357864,0.001575993816996539,0.9999999999999967,1.0
Fbxo31,1408,254,0.0008416421586208546,0.0008535233038744582,0.5814944906582289,1.0
Spag16,1536,358,0.0009181550821318413,0.0012029974125474646,0.9999980840659701,1.0
Fbxo33,1504,433,0.0008990268512540946,0.0014550220101481905,1.0,1.0
Stxbp5,1400,324,0.0008368601009014179,0.0010887462616351357,0.999990749548218,1.0
Fzr1,1212,385,0.000724481744494656,0.001293726267683726,1.0,1.0
Gan,1556,325,0.000930110226430433,0.0010921065896031452,0.9958144792004814,1.0
Rrp9,1620,374,0.0009683666881859264,0.0012567626600356195,0.9999974331437381,1.0
Rnf180,1360,346,0.0008129498123042345,0.0011626734769313485,0.9999999988623389,1.0
Hectd3,1752,420,0.0010472706405566315,0.0014113377465640646,0.9999999825512418,1.0
Rnf169,1260,233,0.000753174090811276,0.0007829564165462549,0.7067969982677651,1.0
Rnf168,1580,361,0.000944456399588743,0.0012130783964514936,0.9999916194075185,1.0
Hecw1,920,187,0.0005499366377352175,0.0006283813300178098,0.9519457793864379,1.0
Rnf165,1448,279,0.0008655524472180379,0.0009375315030747001,0.8892663671646905,1.0
Rnf157,1404,405,0.0008392511297611362,0.0013609328270439195,1.0,1.0
Hecw2,1184,376,0.0007077445424766277,0.0012634833159716388,1.0,1.0
Herc2,1428,292,0.0008535973029194462,0.000981215766658826,0.9850770428315753,1.0
Herc4,1300,331,0.0007770843794084594,0.0011122685574112034,0.9999999976640328,1.0
Rnf149,1680,360,0.0010042321210817014,0.001209718068483484,0.9993403031758981,1.0
Rnf146,1160,260,0.0006933983693183177,0.0008736852716825162,0.9996335143177532,1.0
Hic2,1376,292,0.0008225139277431079,0.000981215766658826,0.9969553081892071,1.0
Hif1a,1368,255,0.0008177318700236712,0.0008568836318424678,0.7536402651140983,1.0
H2afx,1152,254,0.000688616311598881,0.0008535233038744582,0.9990459930380228,1.0
Hira,1292,313,0.0007723023216890227,0.001051782653987029,0.9999995765119444,1.0
Rnf139,1480,403,0.0008846806780957846,0.0013542121711079002,0.999999999999989,1.0
Icos,1076,245,0.0006431867632642327,0.000823280352162371,0.9997650484182135,1.0
Rnf138,1580,384,0.000944456399588743,0.0012903659397157162,0.9999999820628284,1.0
Rnf135,1492,296,0.0008918537646749396,0.0009946570785308647,0.9569370387614259,1.0
Rnf133,1684,345,0.0010066231499414199,0.0011593131489633388,0.9916440445935204,1.0
Rnf130,1580,329,0.000944456399588743,0.001105547901475184,0.9953755821110126,1.0
Rnf13,1084,246,0.0006479688209836692,0.0008266406801303807,0.9997278889643498,1.0
Ifnar1,1328,259,0.0007938215814264878,0.0008703249437145065,0.9123779240855088,1.0
Ift122,1300,445,0.0007770843794084594,0.0014953459457643066,1.0,1.0
Igf1r,1500,365,0.0008966358223943764,0.0012265197083235323,0.999999965219268,1.0
Rnf123,1376,263,0.0008225139277431079,0.0008837662555865452,0.857233816446973,1.0
Rnf122,1488,316,0.0008894627358152213,0.0010618636378910582,0.997916789799669,1.0
Ikbke,1512,408,0.0009038089089735313,0.0013710138109479485,0.999999999999974,1.0
Il10,1476,287,0.0008822896492360662,0.0009644141268187775,0.9163086485038758,1.0
Rnf141,1372,265,0.0008201228988833895,0.0008904869115225646,0.8901996152308911,1.0
Rnf113a2,1468,294,0.0008775075915166296,0.0009879364225948452,0.9683470476441304,1.0
Rnf186,1444,407,0.0008631614183583195,0.0013676534829799387,0.9999999999999999,1.0
Rnf19a,1672,337,0.0009994500633622647,0.0011324305252192613,0.9818892124004305,1.0
Rptor,1332,356,0.0007962126102862061,0.0011962767566114452,0.9999999999968672,1.0
Rnft2,1084,210,0.0006479688209836692,0.0007056688732820323,0.8712112952328608,1.0
Gemin5,1692,324,0.0010114052076608566,0.0010887462616351357,0.8880076854228324,1.0
Glmn,1812,419,0.0010831360734524067,0.0014079774185960549,0.9999993989155522,1.0
Gm10696,1120,224,0.0006694880807211343,0.0007527134648341678,0.9454583139106234,1.0
Gm13416,1324,250,0.0007914305525667694,0.0008400819920024195,0.8066432308366019,1.0
Gm15800,1228,223,0.0007340458599335295,0.0007493531368661582,0.6116577276849274,1.0
Gm18806,1984,394,0.001185950314420295,0.001323969219395813,0.9771531726967186,1.0
Gm18856,1344,671,0.0008033856968653612,0.0022547800665344937,1.0,1.0
Gm21964,1192,274,0.0007125266001960644,0.0009207298632346517,0.9999380331622405,1.0
Rnf41,1460,381,0.000872725533797193,0.0012802849558116872,0.9999999999899456,1.0
Gm35339,1612,344,0.0009635846304664897,0.0011559528209953293,0.9989315507445813,1.0
Gm44505,972,276,0.0005810200129115558,0.0009274505191706711,0.9999999999977638,1.0
Rnf39,1276,232,0.0007627382062501494,0.0007795960885782452,0.6203570848276404,1.0
Rnf187,1280,278,0.0007651292351098678,0.0009341711751066905,0.9987483327208202,1.0
Rnf38,1716,367,0.0010257513808191664,0.0012332403642595518,0.99933498937643,1.0
Rnf32,1248,289,0.0007460010042321211,0.0009711347827547969,0.999974761169897,1.0
Gm5286,1460,287,0.000872725533797193,0.0009644141268187775,0.9392477332014002,1.0
Gm5773,1768,351,0.001056834755995505,0.001179475116771397,0.970002118762879,1.0
Gm9125,1372,247,0.0008201228988833895,0.0008300010080983904,0.5687885930520032,1.0
Rnf225,1484,298,0.0008870717069555029,0.001001377734466884,0.9720253560109898,1.0
Gm9847,1588,317,0.0009492384573081797,0.0010652239658590678,0.9696664845447718,1.0
Gmnn,1324,285,0.0007914305525667694,0.0009576934708827582,0.9982820251345632,1.0
Rnf216,1672,636,0.0009994500633622647,0.002137168587654155,1.0,1.0
Gnb3,1368,281,0.0008177318700236712,0.0009442521590107194,0.9860706071642674,1.0
Grb10,1684,358,0.0010066231499414199,0.0012029974125474646,0.9989218350739686,1.0
Rnf212,1484,271,0.0008870717069555029,0.0009106488793306227,0.6544183879805767,1.0
Rnf207,1636,381,0.0009779308036247999,0.0012802849558116872,0.9999989959598958,1.0
Rnf2,1588,343,0.0009492384573081797,0.0011525924930273195,0.9994561296553625,1.0
Rnf19b,1672,328,0.0009994500633622647,0.0011021875735071744,0.9475705137049312,1.0
Rnf34,1332,460,0.0007962126102862061,0.0015457508652844518,1.0,1.0
Zswim2,1020,221,0.0006097123592281758,0.0007426324809301388,0.9961288446655265,1.0
